reading	kind	head	tail	characters
あい	normal	あ	い	2
あいこ	normal	あ	こ	3
あいさつ	normal	あ	つ	4
あいじょう	normal	あ	う	5
あいすくりーむ	normal	あ	む	7
あいず	normal	あ	ず	3
あいそう	normal	あ	う	4
あいだ	normal	あ	だ	3
あいて	normal	あ	て	3
あうと	normal	あ	と	3
あお	normal	あ	お	2
あおぞら	normal	あ	ら	4
あおむけ	normal	あ	け	4
あか	normal	あ	か	2
あかじ	normal	あ	じ	3
あかとんぼ	normal	あ	ぼ	5
あかり	normal	あ	り	3
あかんぼう	normal	あ	う	5
あがり	normal	あ	り	3
あき	normal	あ	き	2
あくせんと	normal	あ	と	5
あくび	normal	あ	び	3
あくま	normal	あ	ま	3
あけがた	normal	あ	た	4
あご	normal	あ	ご	2
あさ	normal	あ	さ	2
あさがお	normal	あ	お	4
あさって	normal	あ	て	4
あさひ	normal	あ	ひ	3
あさめし	normal	あ	し	4
あざらし	normal	あ	し	4
あし	normal	あ	し	2
あしあと	normal	あ	と	4
あしおと	normal	あ	と	4
あした	normal	あ	た	3
あしもと	normal	あ	と	4
あじ	normal	あ	じ	2
あじさい	normal	あ	い	4
あす	normal	あ	す	2
あせ	normal	あ	せ	2
あぜみち	normal	あ	ち	4
あそび	normal	あ	び	3
あたい	normal	あ	い	3
あたま	normal	あ	ま	3
あたり	normal	あ	り	3
あちこち	normal	あ	ち	4
あちらこちら	normal	あ	ら	6
あつまり	normal	あ	り	4
あつりょく	normal	あ	く	5
あて	normal	あ	て	2
あてな	normal	あ	な	3
あと	normal	あ	と	2
あとまわし	normal	あ	し	5
あな	normal	あ	な	2
あに	normal	あ	に	2
あね	normal	あ	ね	2
あぱーと	normal	あ	と	4
あひる	normal	あ	る	3
あぶら	normal	あ	ら	3
あべこべ	normal	あ	べ	4
あまだれ	normal	あ	れ	4
あまど	normal	あ	ど	3
あまのがわ	normal	あ	わ	5
あまり	normal	あ	り	3
あみ	normal	あ	み	2
あみもの	normal	あ	の	4
あめ	normal	あ	め	2
あめりか	normal	あ	か	4
あやまり	normal	あ	り	4
あゆみ	normal	あ	み	3
あらし	normal	あ	し	3
あらすじ	normal	あ	じ	4
あらそい	normal	あ	い	4
あらびあ	normal	あ	あ	4
あられ	normal	あ	れ	3
あらわれ	normal	あ	れ	4
あり	normal	あ	り	2
ありさま	normal	あ	ま	4
あるこーる	normal	あ	る	5
あるばいと	normal	あ	と	5
あるばむ	normal	あ	む	4
あわ	normal	あ	わ	2
あわれ	normal	あ	れ	3
あんき	normal	あ	き	3
あんてい	normal	あ	い	4
あんてな	normal	あ	な	4
あんない	normal	あ	い	4
いいかた	normal	い	た	4
いいつけ	normal	い	け	4
いいわけ	normal	い	け	4
いえ	normal	い	え	2
いか	normal	い	か	2
いかだ	normal	い	だ	3
いかり	normal	い	り	3
いがい	normal	い	い	3
いき	normal	い	き	2
いきおい	normal	い	い	4
いきもの	normal	い	の	4
いぎりす	normal	い	す	4
いくつ	normal	い	つ	3
いくにち	normal	い	ち	4
いくら	normal	い	ら	3
いけ	normal	い	け	2
いけばな	normal	い	な	4
いご	normal	い	ご	2
いし	normal	い	し	2
いしき	normal	い	き	3
いしょう	normal	い	う	4
いじ	normal	い	じ	2
いじょう	normal	い	う	4
いじわる	normal	い	る	4
いす	normal	い	す	2
いずみ	normal	い	み	3
いた	normal	い	た	2
いたずら	normal	い	ら	4
いただき	normal	い	き	4
いたのま	normal	い	ま	4
いたみ	normal	い	み	3
いち	normal	い	ち	2
いちご	normal	い	ご	3
いちじ	normal	い	じ	3
いちど	normal	い	ど	3
いちば	normal	い	ば	3
いちぶ	normal	い	ぶ	3
いちょう	normal	い	う	4
いっか	normal	い	か	3
いっき	normal	い	き	3
いっさい	normal	い	い	4
いっしょう	normal	い	う	5
いっせい	normal	い	い	4
いったい	normal	い	い	4
いっち	normal	い	ち	3
いってい	normal	い	い	4
いっぱい	normal	い	い	4
いっぽう	normal	い	う	4
いつ	normal	い	つ	2
いつか	normal	い	か	3
いつつ	normal	い	つ	3
いと	normal	い	と	2
いとこ	normal	い	こ	3
いど	normal	い	ど	2
いどう	normal	い	う	3
いなか	normal	い	か	3
いぬ	normal	い	ぬ	2
いね	normal	い	ね	2
いねかり	normal	い	り	4
いねむり	normal	い	り	4
いのち	normal	い	ち	3
いのり	normal	い	り	3
いびき	normal	い	き	3
いま	normal	い	ま	2
いまごろ	normal	い	ろ	4
いみ	normal	い	み	2
いも	normal	い	も	2
いもうと	normal	い	と	4
いらい	normal	い	い	3
いりぐち	normal	い	ち	4
いりょう	normal	い	う	4
いるい	normal	い	い	3
いれもの	normal	い	の	4
いろ	normal	い	ろ	2
いろいろ	normal	い	ろ	4
いろり	normal	い	り	3
いわ	normal	い	わ	2
いわい	normal	い	い	3
いんく	normal	い	く	3
いんさつ	normal	い	つ	4
いんしょう	normal	い	う	5
いんてり	normal	い	り	4
いんど	normal	い	ど	3
いんふれ	normal	い	れ	4
うえ	normal	う	え	2
うえき	normal	う	き	3
うがい	normal	う	い	3
うき	normal	う	き	2
うぐいす	normal	う	す	4
うけつけ	normal	う	け	4
うけとり	normal	う	り	4
うけみ	normal	う	み	3
うごき	normal	う	き	3
うさぎ	normal	う	ぎ	3
うし	normal	う	し	2
うしろ	normal	う	ろ	3
うず	normal	う	ず	2
うずまき	normal	う	き	4
うそ	normal	う	そ	2
うた	normal	う	た	2
うたがい	normal	う	い	4
うたごえ	normal	う	え	4
うち	normal	う	ち	2
うちあわせ	normal	う	せ	5
うちがわ	normal	う	わ	4
うちゅう	normal	う	う	4
うちわ	normal	う	わ	3
うつぶせ	normal	う	せ	4
うで	normal	う	で	2
うでどけい	normal	う	い	5
うでまえ	normal	う	え	4
うなぎ	normal	う	ぎ	3
うま	normal	う	ま	2
うまれ	normal	う	れ	3
うみ	normal	う	み	2
うめ	normal	う	め	2
うめぼし	normal	う	し	4
うら	normal	う	ら	2
うらがえし	normal	う	し	5
うらぐち	normal	う	ち	4
うらみ	normal	う	み	3
うりきれ	normal	う	れ	4
うるし	normal	う	し	3
うろこ	normal	う	こ	3
うわぎ	normal	う	ぎ	3
うわさ	normal	う	さ	3
うんえい	normal	う	い	4
うんどう	normal	う	う	4
うんどうかい	normal	う	い	6
うんどうじょう	normal	う	う	7
うんめい	normal	う	い	4
えいが	normal	え	が	3
えいきょう	normal	え	う	5
えいこく	normal	え	く	4
えいご	normal	え	ご	3
えいせい	normal	え	い	4
えいよう	normal	え	う	4
えがお	normal	え	お	3
えき	normal	え	き	2
えきたい	normal	え	い	4
えさ	normal	え	さ	2
えだ	normal	え	だ	2
えちけっと	normal	え	と	5
えのぐ	normal	え	ぐ	3
えはがき	normal	え	き	4
えび	normal	え	び	2
えもの	normal	え	の	3
えり	normal	え	り	2
えんがわ	normal	え	わ	4
えんき	normal	え	き	3
えんぎ	normal	え	ぎ	3
えんげき	normal	え	き	4
えんそう	normal	え	う	4
えんそく	normal	え	く	4
えんとつ	normal	え	つ	4
えんぴつ	normal	え	つ	4
おい	normal	お	い	2
おいで	normal	お	で	3
おうきゅう	normal	お	う	5
おうふく	normal	お	く	4
おうべい	normal	お	い	4
おうむ	normal	お	む	3
おうよう	normal	お	う	4
おおあめ	normal	お	め	4
おおかみ	normal	お	み	4
おおごえ	normal	お	え	4
おおぜい	normal	お	い	4
おおどおり	normal	お	り	5
おおはば	normal	お	ば	4
おおみず	normal	お	ず	4
おおみそか	normal	お	か	5
おおよろこび	normal	お	び	6
おか	normal	お	か	2
おかげ	normal	お	げ	3
おかず	normal	お	ず	3
おがわ	normal	お	わ	3
おき	normal	お	き	2
おく	normal	お	く	2
おくさま	normal	お	ま	4
おくりがな	normal	お	な	5
おくりもの	normal	お	の	5
おくれ	normal	お	れ	3
おけ	normal	お	け	2
おこり	normal	お	り	3
おしいれ	normal	お	れ	4
おしえ	normal	お	え	3
おしろい	normal	お	い	4
おじ	normal	お	じ	2
おじぎ	normal	お	ぎ	3
おせじ	normal	お	じ	3
おそれ	normal	お	れ	3
おたまじゃくし	normal	お	し	7
おちつき	normal	お	き	4
おちば	normal	お	ば	3
おっと	normal	お	と	3
おと	normal	お	と	2
おとうと	normal	お	と	4
おとこ	normal	お	こ	3
おとしだま	normal	お	ま	5
おととい	normal	お	い	4
おととし	normal	お	し	4
おとな	normal	お	な	3
おどり	normal	お	り	3
おどろき	normal	お	き	4
おなか	normal	お	か	3
おに	normal	お	に	2
おにごっこ	normal	お	こ	5
おのおの	normal	お	の	4
おば	normal	お	ば	2
おび	normal	お	び	2
おぼえ	normal	お	え	3
おまえ	normal	お	え	3
おまけ	normal	お	け	3
おもい	normal	お	い	3
おもいきり	normal	お	り	5
おもいで	normal	お	で	4
おもいやり	normal	お	り	5
おもて	normal	お	て	3
おもり	normal	お	り	3
おや	normal	お	や	2
おやこ	normal	お	こ	3
おやすみ	normal	お	み	4
おやつ	normal	お	つ	3
おやゆび	normal	お	び	4
およそ	normal	お	そ	3
おらんだ	normal	お	だ	4
おり	normal	お	り	2
おりもの	normal	お	の	4
おりんぴっく	normal	お	く	6
おろか	normal	お	か	3
おわり	normal	お	り	3
おんがく	normal	お	く	4
おんしつ	normal	お	つ	4
おんたい	normal	お	い	4
おんど	normal	お	ど	3
おんな	normal	お	な	3
おんぶ	normal	お	ぶ	3
おーとばい	normal	お	い	5
かい	normal	か	い	2
かいがい	normal	か	い	4
かいがら	normal	か	ら	4
かいきゅう	normal	か	う	5
かいきょう	normal	か	う	5
かいぎ	normal	か	ぎ	3
かいけい	normal	か	い	4
かいけつ	normal	か	つ	4
かいこ	normal	か	こ	3
かいし	normal	か	し	3
かいしゃく	normal	か	く	5
かいじょう	normal	か	う	5
かいすいよく	normal	か	く	6
かいせい	normal	か	い	4
かいそう	normal	か	う	4
かいたく	normal	か	く	4
かいとう	normal	か	う	4
かいはつ	normal	か	つ	4
かいふく	normal	か	く	4
かいほう	normal	か	う	4
かいもの	normal	か	の	4
かいりょう	normal	か	う	5
かいわ	normal	か	わ	3
かえり	normal	か	り	3
かえる	normal	か	る	3
かお	normal	か	お	2
かおり	normal	か	り	3
かかく	normal	か	く	3
かかし	normal	か	し	3
かかと	normal	か	と	3
かかり	normal	か	り	3
かがく	normal	か	く	3
かがみ	normal	か	み	3
かき	normal	か	き	2
かきかた	normal	か	た	4
かきとめ	normal	か	め	4
かきとり	normal	か	り	4
かきね	normal	か	ね	3
かぎ	normal	か	ぎ	2
かぎり	normal	か	り	3
かく	normal	か	く	2
かくご	normal	か	ご	3
かくじ	normal	か	じ	3
かくせいき	normal	か	き	5
かくだい	normal	か	い	4
かくち	normal	か	ち	3
かくとく	normal	か	く	4
かくど	normal	か	ど	3
かくめい	normal	か	い	4
かくりつ	normal	か	つ	4
かぐ	normal	か	ぐ	2
かけ	normal	か	け	2
かけあし	normal	か	し	4
かけい	normal	か	い	3
かけごえ	normal	か	え	4
かけっこ	normal	か	こ	4
かけら	normal	か	ら	3
かげ	normal	か	げ	2
かげえ	normal	か	え	3
かげろう	normal	か	う	4
かこい	normal	か	い	3
かこう	normal	か	う	3
かごう	normal	か	う	3
かさ	normal	か	さ	2
かざぐるま	normal	か	ま	5
かざり	normal	か	り	3
かし	normal	か	し	2
かじ	normal	か	じ	2
かすみ	normal	か	み	3
かず	normal	か	ず	2
かぜ	normal	か	ぜ	2
かぞく	normal	か	く	3
かた	normal	か	た	2
かたかな	normal	か	な	4
かたがわ	normal	か	わ	4
かたち	normal	か	ち	3
かたつむり	normal	か	り	5
かたて	normal	か	て	3
かたな	normal	か	な	3
かたほう	normal	か	う	4
かたまり	normal	か	り	4
かたみち	normal	か	ち	4
かたろぐ	normal	か	ぐ	4
かだい	normal	か	い	3
かち	normal	か	ち	2
かちく	normal	か	く	3
かっこ	normal	か	こ	3
かっこう	normal	か	う	4
かって	normal	か	て	3
かてい	normal	か	い	3
かど	normal	か	ど	2
かどまつ	normal	か	つ	4
かな	normal	か	な	2
かない	normal	か	い	3
かなづち	normal	か	ち	4
かなりや	normal	か	や	4
かに	normal	か	に	2
かね	normal	か	ね	2
かねもち	normal	か	ち	4
かのう	normal	か	う	3
かび	normal	か	び	2
かぶ	normal	か	ぶ	2
かぶき	normal	か	き	3
かぶしき	normal	か	き	4
かへい	normal	か	い	3
かべ	normal	か	べ	2
かま	normal	か	ま	2
かまきり	normal	か	り	4
かまぼこ	normal	か	こ	4
かみ	normal	か	み	2
かみくず	normal	か	ず	4
かみしばい	normal	か	い	5
かみそり	normal	か	り	4
かみなり	normal	か	り	4
かみのけ	normal	か	け	4
かみぶくろ	normal	か	ろ	5
かめ	normal	か	め	2
かめら	normal	か	ら	3
かもく	normal	か	く	3
かもつ	normal	か	つ	3
かもめ	normal	か	め	3
から	normal	か	ら	2
からす	normal	か	す	3
からだ	normal	か	だ	3
からっぽ	normal	か	ぽ	4
からて	normal	か	て	3
かり	normal	か	り	2
かりゅう	normal	か	う	4
かるた	normal	か	た	3
かろう	normal	か	う	3
かわ	normal	か	わ	2
かわせ	normal	か	せ	3
かわら	normal	か	ら	3
かわり	normal	か	り	3
かわりばんこ	normal	か	こ	6
かんかく	normal	か	く	4
かんがい	normal	か	い	4
かんがえ	normal	か	え	4
かんき	normal	か	き	3
かんきょう	normal	か	う	5
かんけい	normal	か	い	4
かんげい	normal	か	い	4
かんげき	normal	か	き	4
かんこう	normal	か	う	4
かんこく	normal	か	く	4
かんご	normal	か	ご	3
かんごふ	normal	か	ふ	4
かんさつ	normal	か	つ	4
かんし	normal	か	し	3
かんしょう	normal	か	う	5
かんじ	normal	か	じ	3
かんじょう	normal	か	う	5
かんせい	normal	か	い	4
かんそう	normal	か	う	4
かんぞう	normal	か	う	4
かんづめ	normal	か	め	4
かんとう	normal	か	う	4
かんとく	normal	か	く	4
かんどう	normal	か	う	4
かんぱい	normal	か	い	4
かんびょう	normal	か	う	5
かんむり	normal	か	り	4
かんり	normal	か	り	3
かんりょう	normal	か	う	5
かーど	normal	か	ど	3
かーぶ	normal	か	ぶ	3
がいこう	normal	が	う	4
がいこく	normal	が	く	4
がいしゅつ	normal	が	つ	5
がいとう	normal	が	う	4
がく	normal	が	く	2
がくげいかい	normal	が	い	6
がくしゅう	normal	が	う	5
がくせい	normal	が	い	4
がくたい	normal	が	い	4
がくふ	normal	が	ふ	3
がけ	normal	が	け	2
がす	normal	が	す	2
がちょう	normal	が	う	4
がっき	normal	が	き	3
がっこう	normal	が	う	4
がっしょう	normal	が	う	5
がようし	normal	が	し	4
がら	normal	が	ら	2
がらす	normal	が	す	3
がんじょう	normal	が	う	5
きいろ	normal	き	ろ	3
きおく	normal	き	く	3
きかい	normal	き	い	3
きがね	normal	き	ね	3
ききめ	normal	き	め	3
ききゅう	normal	き	う	4
きぎょう	normal	き	う	4
きく	normal	き	く	2
きげき	normal	き	き	3
きこう	normal	き	う	3
きこく	normal	き	く	3
きごう	normal	き	う	3
きし	normal	き	し	2
きしつ	normal	き	つ	3
きしょう	normal	き	う	4
きじ	normal	き	じ	2
きすう	normal	き	う	3
きず	normal	き	ず	2
きせつ	normal	き	つ	3
きそ	normal	き	そ	2
きそく	normal	き	く	3
きた	normal	き	た	2
きたい	normal	き	い	3
きちょう	normal	き	う	4
きって	normal	き	て	3
きっぷ	normal	き	ぷ	3
きつつき	normal	き	き	4
きつね	normal	き	ね	3
きてい	normal	き	い	3
きてき	normal	き	き	3
きにゅう	normal	き	う	4
きぬ	normal	き	ぬ	2
きのう	normal	き	う	3
きのこ	normal	き	こ	3
きのどく	normal	き	く	4
きのぼり	normal	き	り	4
きふ	normal	き	ふ	2
きぼう	normal	き	う	3
きまぐれ	normal	き	れ	4
きまり	normal	き	り	3
きみ	normal	き	み	2
きもち	normal	き	ち	3
きもの	normal	き	の	3
きゃく	normal	き	く	3
きゃっちぼーる	normal	き	る	7
きゃべつ	normal	き	つ	4
きゃらめる	normal	き	る	5
きゃんぷ	normal	き	ぷ	4
きゅう	normal	き	う	3
きゅうか	normal	き	か	4
きゅうぎょう	normal	き	う	6
きゅうくつ	normal	き	つ	5
きゅうけい	normal	き	い	5
きゅうこう	normal	き	う	5
きゅうしゅう	normal	き	う	6
きゅうじつ	normal	き	つ	5
きゅうそく	normal	き	く	5
きゅうびょう	normal	き	う	6
きゅうよう	normal	き	う	5
きゅうり	normal	き	り	4
きゅうりょう	normal	き	う	6
きょう	normal	き	う	3
きょういく	normal	き	く	5
きょうか	normal	き	か	4
きょうかい	normal	き	い	5
きょうきゅう	normal	き	う	6
きょうぎ	normal	き	ぎ	4
きょうし	normal	き	し	4
きょうしつ	normal	き	つ	5
きょうそう	normal	き	う	5
きょうだい	normal	き	い	5
きょうつう	normal	き	う	5
きょうてい	normal	き	い	5
きょうどう	normal	き	う	5
きょうみ	normal	き	み	4
きょうよう	normal	き	う	5
きょうりょく	normal	き	く	6
きょか	normal	き	か	3
きょく	normal	き	く	3
きょり	normal	き	り	3
きらい	normal	き	い	3
きらく	normal	き	く	3
きり	normal	き	り	2
きりかぶ	normal	き	ぶ	4
きりぎりす	normal	き	す	5
きりすときょう	normal	き	う	7
きりつ	normal	き	つ	3
きれ	normal	き	れ	2
きろ	normal	き	ろ	2
きろく	normal	き	く	3
きんいろ	normal	き	ろ	4
きんこ	normal	き	こ	3
きんし	normal	き	し	3
きんぞく	normal	き	く	4
きんちょう	normal	き	う	5
きんにく	normal	き	く	4
きんむ	normal	き	む	3
きんよう	normal	き	う	4
きんろう	normal	き	う	4
ぎかい	normal	ぎ	い	3
ぎし	normal	ぎ	し	2
ぎじゅつ	normal	ぎ	つ	4
ぎせい	normal	ぎ	い	3
ぎちょう	normal	ぎ	う	4
ぎむ	normal	ぎ	む	2
ぎゃく	normal	ぎ	く	3
ぎゅうにく	normal	ぎ	く	5
ぎゅうにゅう	normal	ぎ	う	6
ぎょう	normal	ぎ	う	3
ぎょうぎ	normal	ぎ	ぎ	4
ぎょうじ	normal	ぎ	じ	4
ぎょうせい	normal	ぎ	い	5
ぎょうせき	normal	ぎ	き	5
ぎょうれつ	normal	ぎ	つ	5
ぎょぎょう	normal	ぎ	う	5
ぎんいろ	normal	ぎ	ろ	4
ぎんこう	normal	ぎ	う	4
くい	normal	く	い	2
くいず	normal	く	ず	3
くうき	normal	く	き	3
くうこう	normal	く	う	4
くうそう	normal	く	う	4
くき	normal	く	き	2
くぎ	normal	く	ぎ	2
くさ	normal	く	さ	2
くさとり	normal	く	り	4
くさむら	normal	く	ら	4
くさり	normal	く	り	3
くし	normal	く	し	2
くしゃみ	normal	く	み	4
くじ	normal	く	じ	2
くじゃく	normal	く	く	4
くじら	normal	く	ら	3
くすり	normal	く	り	3
くず	normal	く	ず	2
くせ	normal	く	せ	2
くだ	normal	く	だ	2
くだもの	normal	く	の	4
くだり	normal	く	り	3
くち	normal	く	ち	2
くちばし	normal	く	し	4
くちびる	normal	く	る	4
くちぶえ	normal	く	え	4
くちべに	normal	く	に	4
くつ	normal	く	つ	2
くつした	normal	く	た	4
くに	normal	く	に	2
くび	normal	く	び	2
くふう	normal	く	う	3
くべつ	normal	く	つ	3
くま	normal	く	ま	2
くみ	normal	く	み	2
くみあい	normal	く	い	4
くみあわせ	normal	く	せ	5
くも	normal	く	も	2
くもり	normal	く	り	3
くらい	normal	く	い	3
くらし	normal	く	し	3
くらす	normal	く	す	3
くらぶ	normal	く	ぶ	3
くり	normal	く	り	2
くりすます	normal	く	す	5
くりーにんぐ	normal	く	ぐ	6
くりーむ	normal	く	む	4
くるしみ	normal	く	み	4
くるま	normal	く	ま	3
くれ	normal	く	れ	2
くろ	normal	く	ろ	2
くろう	normal	く	う	3
くろうと	normal	く	と	4
ぐあい	normal	ぐ	い	3
ぐうすう	normal	ぐ	う	4
ぐたい	normal	ぐ	い	3
ぐらうんど	normal	ぐ	ど	5
ぐらふ	normal	ぐ	ふ	3
ぐらむ	normal	ぐ	む	3
ぐるーぷ	normal	ぐ	ぷ	4
ぐろーぶ	normal	ぐ	ぶ	4
ぐんたい	normal	ぐ	い	4
けいえい	normal	け	い	4
けいかく	normal	け	く	4
けいき	normal	け	き	3
けいこ	normal	け	こ	3
けいこう	normal	け	う	4
けいこうとう	normal	け	う	6
けいご	normal	け	ご	3
けいさつ	normal	け	つ	4
けいざい	normal	け	い	4
けいしき	normal	け	き	4
けいじ	normal	け	じ	3
けいせい	normal	け	い	4
けいたい	normal	け	い	4
けいと	normal	け	と	3
けいとう	normal	け	う	4
けいば	normal	け	ば	3
けいべつ	normal	け	つ	4
けいやく	normal	け	く	4
けが	normal	け	が	2
けがわ	normal	け	わ	3
けさ	normal	け	さ	2
けしき	normal	け	き	3
けしごむ	normal	け	む	4
けしょう	normal	け	う	4
けだもの	normal	け	の	4
けち	normal	け	ち	2
けっか	normal	け	か	3
けっきょく	normal	け	く	5
けっこう	normal	け	う	4
けっしょう	normal	け	う	5
けっせき	normal	け	き	4
けってい	normal	け	い	4
けつえき	normal	け	き	4
けはい	normal	け	い	3
けむり	normal	け	り	3
けもの	normal	け	の	3
けんい	normal	け	い	3
けんか	normal	け	か	3
けんがく	normal	け	く	4
けんきゅう	normal	け	う	5
けんこう	normal	け	う	4
けんさ	normal	け	さ	3
けんしょう	normal	け	う	5
けんせつ	normal	け	つ	4
けんち	normal	け	ち	3
けんちく	normal	け	く	4
けんとう	normal	け	う	4
けんどう	normal	け	う	4
けんびきょう	normal	け	う	6
けんぶつ	normal	け	つ	4
けんぽう	normal	け	う	4
けんやく	normal	け	く	4
けんり	normal	け	り	3
けんりょく	normal	け	く	5
けーき	normal	け	き	3
けーす	normal	け	す	3
げいじゅつ	normal	げ	つ	5
げき	normal	げ	き	2
げきじょう	normal	げ	う	5
げしゅく	normal	げ	く	4
げた	normal	げ	た	2
げっきゅう	normal	げ	う	5
げっしょく	normal	げ	く	5
げつよう	normal	げ	う	4
げり	normal	げ	り	2
げんかい	normal	げ	い	4
げんき	normal	げ	き	3
げんこう	normal	げ	う	4
げんご	normal	げ	ご	3
げんざい	normal	げ	い	4
げんし	normal	げ	し	3
げんしょう	normal	げ	う	5
げんじつ	normal	げ	つ	4
げんそく	normal	げ	く	4
げんだい	normal	げ	い	4
げんど	normal	げ	ど	3
げんば	normal	げ	ば	3
げんり	normal	げ	り	3
げんりょう	normal	げ	う	5
げーむ	normal	げ	む	3
こい	normal	こ	い	2
こいのぼり	normal	こ	り	5
こいびと	normal	こ	と	4
こう	normal	こ	う	2
こうい	normal	こ	い	3
こうか	normal	こ	か	3
こうかい	normal	こ	い	4
こうがい	normal	こ	い	4
こうきょう	normal	こ	う	5
こうぎ	normal	こ	ぎ	3
こうぎょう	normal	こ	う	5
こうくう	normal	こ	う	4
こうげき	normal	こ	き	4
こうこう	normal	こ	う	4
こうこく	normal	こ	く	4
こうご	normal	こ	ご	3
こうごう	normal	こ	う	4
こうさ	normal	こ	さ	3
こうさい	normal	こ	い	4
こうさく	normal	こ	く	4
こうし	normal	こ	し	3
こうしき	normal	こ	き	4
こうしょう	normal	こ	う	5
こうじ	normal	こ	じ	3
こうじょう	normal	こ	う	5
こうすい	normal	こ	い	4
こうずい	normal	こ	い	4
こうせい	normal	こ	い	4
こうぞう	normal	こ	う	4
こうたい	normal	こ	い	4
こうち	normal	こ	ち	3
こうつう	normal	こ	う	4
こうてい	normal	こ	い	4
こうどう	normal	こ	う	4
こうば	normal	こ	ば	3
こうふく	normal	こ	く	4
こうぶつ	normal	こ	つ	4
こうへい	normal	こ	い	4
こうむ	normal	こ	む	3
こうよう	normal	こ	う	4
こうり	normal	こ	り	3
こえ	normal	こ	え	2
こおり	normal	こ	り	3
こおろぎ	normal	こ	ぎ	4
こがた	normal	こ	た	3
こきゅう	normal	こ	う	4
こきょう	normal	こ	う	4
こく	normal	こ	く	2
こくご	normal	こ	ご	3
こくさい	normal	こ	い	4
こくど	normal	こ	ど	3
こくもつ	normal	こ	つ	4
こけ	normal	こ	け	2
ここち	normal	こ	ち	3
ここのか	normal	こ	か	4
ここのつ	normal	こ	つ	4
こころ	normal	こ	ろ	3
こころえ	normal	こ	え	4
こころがけ	normal	こ	け	5
こころもち	normal	こ	ち	5
こさめ	normal	こ	め	3
こし	normal	こ	し	2
こしかけ	normal	こ	け	4
こしょう	normal	こ	う	4
こじき	normal	こ	き	3
こせい	normal	こ	い	3
こたい	normal	こ	い	3
こたえ	normal	こ	え	3
こたつ	normal	こ	つ	3
こだい	normal	こ	い	3
こだま	normal	こ	ま	3
こっか	normal	こ	か	3
こっかい	normal	こ	い	4
こっき	normal	こ	き	3
こっけい	normal	こ	い	4
こっぷ	normal	こ	ぷ	3
こづかい	normal	こ	い	4
こづつみ	normal	こ	み	4
こてい	normal	こ	い	3
こと	normal	こ	と	2
ことし	normal	こ	し	3
ことば	normal	こ	ば	3
ことり	normal	こ	り	3
ことわざ	normal	こ	ざ	4
こどく	normal	こ	く	3
こども	normal	こ	も	3
こな	normal	こ	な	2
このあいだ	normal	こ	だ	5
このごろ	normal	こ	ろ	4
こびと	normal	こ	と	3
こむぎ	normal	こ	ぎ	3
こめ	normal	こ	め	2
こや	normal	こ	や	2
こやし	normal	こ	し	3
こゆき	normal	こ	き	3
こよみ	normal	こ	み	3
ころ	normal	こ	ろ	2
こんくりーと	normal	こ	と	6
こんくーる	normal	こ	る	5
こんげつ	normal	こ	つ	4
こんご	normal	こ	ご	3
こんごう	normal	こ	う	4
こんざつ	normal	こ	つ	4
こんしゅう	normal	こ	う	5
こんちゅう	normal	こ	う	5
こんど	normal	こ	ど	3
こんにち	normal	こ	ち	4
こんぱす	normal	こ	す	4
こんぶ	normal	こ	ぶ	3
こんや	normal	こ	や	3
こんやく	normal	こ	く	4
こんろ	normal	こ	ろ	3
こーと	normal	こ	と	3
こーど	normal	こ	ど	3
ごう	normal	ご	う	2
ごうかく	normal	ご	く	4
ごうけい	normal	ご	い	4
ごうじょう	normal	ご	う	5
ごうせい	normal	ご	い	4
ごうれい	normal	ご	い	4
ごかい	normal	ご	い	3
ごご	normal	ご	ご	2
ごちそう	normal	ご	う	4
ごみ	normal	ご	み	2
ごむ	normal	ご	む	2
ごらく	normal	ご	く	3
ごるふ	normal	ご	ふ	3
ごろごろ	normal	ご	ろ	4
ごーる	normal	ご	る	3
さい	normal	さ	い	2
さいがい	normal	さ	い	4
さいく	normal	さ	く	3
さいこう	normal	さ	う	4
さいご	normal	さ	ご	3
さいしゅう	normal	さ	う	5
さいしょう	normal	さ	う	5
さいじつ	normal	さ	つ	4
さいそく	normal	さ	く	4
さいだい	normal	さ	い	4
さいちゅう	normal	さ	う	5
さいてい	normal	さ	い	4
さいのう	normal	さ	う	4
さいばい	normal	さ	い	4
さいふ	normal	さ	ふ	3
さいほう	normal	さ	う	4
さいぼう	normal	さ	う	4
さいわい	normal	さ	い	4
さお	normal	さ	お	2
さか	normal	さ	か	2
さかい	normal	さ	い	3
さかさ	normal	さ	さ	3
さかさま	normal	さ	ま	4
さかずき	normal	さ	き	4
さかな	normal	さ	な	3
さかなや	normal	さ	や	4
さかや	normal	さ	や	3
さかり	normal	さ	り	3
さき	normal	さ	き	2
さきほど	normal	さ	ど	4
さぎょう	normal	さ	う	4
さく	normal	さ	く	2
さくじつ	normal	さ	つ	4
さくもつ	normal	さ	つ	4
さくや	normal	さ	や	3
さくら	normal	さ	ら	3
さけ	normal	さ	け	2
さけび	normal	さ	び	3
さしず	normal	さ	ず	3
さしみ	normal	さ	み	3
さじ	normal	さ	じ	2
さっか	normal	さ	か	3
さっき	normal	さ	き	3
さっきょく	normal	さ	く	5
さつ	normal	さ	つ	2
さつえい	normal	さ	い	4
さつまいも	normal	さ	も	5
さとう	normal	さ	う	3
さなぎ	normal	さ	ぎ	3
さばく	normal	さ	く	3
さび	normal	さ	び	2
さま	normal	さ	ま	2
さまざま	normal	さ	ま	4
さむらい	normal	さ	い	4
さゆう	normal	さ	う	3
さよう	normal	さ	う	3
さら	normal	さ	ら	2
さらいしゅう	normal	さ	う	6
さらだ	normal	さ	だ	3
さる	normal	さ	る	2
さわぎ	normal	さ	ぎ	3
さんか	normal	さ	か	3
さんかく	normal	さ	く	4
さんかくけい	normal	さ	い	6
さんぎょう	normal	さ	う	5
さんこう	normal	さ	う	4
さんしょう	normal	さ	う	5
さんすう	normal	さ	う	4
さんせい	normal	さ	い	4
さんそ	normal	さ	そ	3
さんどいっち	normal	さ	ち	6
さんぶつ	normal	さ	つ	4
さんぽ	normal	さ	ぽ	3
さんみゃく	normal	さ	く	5
さーびす	normal	さ	す	4
ざいせい	normal	ざ	い	4
ざいもく	normal	ざ	く	4
ざいりょう	normal	ざ	う	5
ざしき	normal	ざ	き	3
ざせき	normal	ざ	き	3
ざっし	normal	ざ	し	3
ざんこく	normal	ざ	く	4
しあい	normal	し	い	3
しあわせ	normal	し	せ	4
しお	normal	し	お	2
しか	normal	し	か	2
しかい	normal	し	い	3
しかえし	normal	し	し	4
しかく	normal	し	く	3
しかた	normal	し	た	3
しき	normal	し	き	2
しきさい	normal	し	い	4
しきゅう	normal	し	う	4
しきり	normal	し	り	3
しくみ	normal	し	み	3
しげき	normal	し	き	3
しごと	normal	し	と	3
しさつ	normal	し	つ	3
ししゃごにゅう	normal	し	う	7
ししゅう	normal	し	う	4
ししゅつ	normal	し	つ	4
しじ	normal	し	じ	2
しじゅう	normal	し	う	4
しじょう	normal	し	う	4
しずく	normal	し	く	3
しせい	normal	し	い	3
しせつ	normal	し	つ	3
しそう	normal	し	う	3
した	normal	し	た	2
したぎ	normal	し	ぎ	3
したく	normal	し	く	3
しだい	normal	し	い	3
しち	normal	し	ち	2
しっけ	normal	し	け	3
しっけい	normal	し	い	4
しっそ	normal	し	そ	3
しっぱい	normal	し	い	4
しっぽ	normal	し	ぽ	3
しつ	normal	し	つ	2
しつぎょう	normal	し	う	5
しつけ	normal	し	け	3
しつど	normal	し	ど	3
しつぼう	normal	し	う	4
しつれい	normal	し	い	4
しどう	normal	し	う	3
しない	normal	し	い	3
しなもの	normal	し	の	4
しはい	normal	し	い	3
しはらい	normal	し	い	4
しばい	normal	し	い	3
しばふ	normal	し	ふ	3
しぶき	normal	し	き	3
しぼう	normal	し	う	3
しま	normal	し	ま	2
しまい	normal	し	い	3
しまつ	normal	し	つ	3
しみ	normal	し	み	2
しめい	normal	し	い	3
しも	normal	し	も	2
しゃかい	normal	し	い	4
しゃこ	normal	し	こ	3
しゃしょう	normal	し	う	5
しゃっくり	normal	し	り	5
しゃつ	normal	し	つ	3
しゃどう	normal	し	う	4
しゃべる	normal	し	る	4
しゃぼんだま	normal	し	ま	6
しゃれ	normal	し	れ	3
しゅう	normal	し	う	3
しゅうい	normal	し	い	4
しゅうかく	normal	し	く	5
しゅうきょう	normal	し	う	6
しゅうごう	normal	し	う	5
しゅうし	normal	し	し	4
しゅうしゅう	normal	し	う	6
しゅうしょく	normal	し	く	6
しゅうしょくご	normal	し	ご	7
しゅうせい	normal	し	い	5
しゅうちゅう	normal	し	う	6
しゅうにゅう	normal	し	う	6
しゅうまつ	normal	し	つ	5
しゅうり	normal	し	り	4
しゅぎ	normal	し	ぎ	3
しゅくじつ	normal	し	つ	5
しゅくだい	normal	し	い	5
しゅご	normal	し	ご	3
しゅし	normal	し	し	3
しゅしょう	normal	し	う	5
しゅじゅつ	normal	し	つ	5
しゅちょう	normal	し	う	5
しゅっせき	normal	し	き	5
しゅっちょう	normal	し	う	6
しゅっぱつ	normal	し	つ	5
しゅつじょう	normal	し	う	6
しゅと	normal	し	と	3
しゅふ	normal	し	ふ	3
しゅみ	normal	し	み	3
しゅやく	normal	し	く	4
しゅよう	normal	し	う	4
しゅるい	normal	し	い	4
しょう	normal	し	う	3
しょうか	normal	し	か	4
しょうかい	normal	し	い	5
しょうがい	normal	し	い	5
しょうがくせい	normal	し	い	7
しょうがっこう	normal	し	う	7
しょうがつ	normal	し	つ	5
しょうぎ	normal	し	ぎ	4
しょうぎょう	normal	し	う	6
しょうこ	normal	し	こ	4
しょうご	normal	し	ご	4
しょうしょう	normal	し	う	6
しょうじ	normal	し	じ	4
しょうじき	normal	し	き	5
しょうすう	normal	し	う	5
しょうせつ	normal	し	つ	5
しょうたい	normal	し	い	5
しょうち	normal	し	ち	4
しょうちょう	normal	し	う	6
しょうとつ	normal	し	つ	5
しょうどく	normal	し	く	5
しょうばい	normal	し	い	5
しょうひ	normal	し	ひ	4
しょうぶ	normal	し	ぶ	4
しょうぼう	normal	し	う	5
しょうめい	normal	し	い	5
しょうもう	normal	し	う	5
しょうゆ	normal	し	ゆ	4
しょうらい	normal	し	い	5
しょうりゃく	normal	し	く	6
しょうりょう	normal	し	う	6
しょうれい	normal	し	い	5
しょうわ	normal	し	わ	4
しょく	normal	し	く	3
しょくぎょう	normal	し	う	6
しょくじ	normal	し	じ	4
しょくどう	normal	し	う	5
しょくば	normal	し	ば	4
しょくぶつ	normal	し	つ	5
しょくもつ	normal	し	つ	5
しょくよく	normal	し	く	5
しょくりょう	normal	し	う	6
しょち	normal	し	ち	3
しょっき	normal	し	き	4
しょっく	normal	し	く	4
しょとく	normal	し	く	4
しょめい	normal	し	い	4
しょゆう	normal	し	う	4
しょり	normal	し	り	3
しょるい	normal	し	い	4
しよう	normal	し	う	3
しらが	normal	し	が	3
しらせ	normal	し	せ	3
しらべ	normal	し	べ	3
しり	normal	し	り	2
しりあい	normal	し	い	4
しりつ	normal	し	つ	3
しりとり	normal	し	り	4
しりもち	normal	し	ち	4
しりょう	normal	し	う	4
しる	normal	し	る	2
しるし	normal	し	し	3
しろ	normal	し	ろ	2
しろうと	normal	し	と	4
しわ	normal	し	わ	2
しわざ	normal	し	ざ	3
しんけい	normal	し	い	4
しんこう	normal	し	う	4
しんこきゅう	normal	し	う	6
しんごう	normal	し	う	4
しんさつ	normal	し	つ	4
しんしつ	normal	し	つ	4
しんじつ	normal	し	つ	4
しんせい	normal	し	い	4
しんせき	normal	し	き	4
しんせつ	normal	し	つ	4
しんぞう	normal	し	う	4
しんたい	normal	し	い	4
しんだい	normal	し	い	4
しんちょう	normal	し	う	5
しんとう	normal	し	う	4
しんどう	normal	し	う	4
しんぱい	normal	し	い	4
しんぼう	normal	し	う	4
しんぽ	normal	し	ぽ	3
しんゆう	normal	し	う	4
しんよう	normal	し	う	4
しんらい	normal	し	い	4
しんり	normal	し	り	3
しんるい	normal	し	い	4
しーつ	normal	し	つ	3
じえい	normal	じ	い	3
じか	normal	じ	か	2
じかく	normal	じ	く	3
じき	normal	じ	き	2
じぎょう	normal	じ	う	4
じく	normal	じ	く	2
じこ	normal	じ	こ	2
じこく	normal	じ	く	3
じごく	normal	じ	く	3
じしゅう	normal	じ	う	4
じじつ	normal	じ	つ	3
じじょう	normal	じ	う	4
じたい	normal	じ	い	3
じだい	normal	じ	い	3
じっこう	normal	じ	う	4
じっさい	normal	じ	い	4
じつ	normal	じ	つ	2
じつぶつ	normal	じ	つ	4
じつよう	normal	じ	う	4
じつりょく	normal	じ	く	5
じどう	normal	じ	う	3
じびき	normal	じ	き	3
じみ	normal	じ	み	2
じむ	normal	じ	む	2
じゃがいも	normal	じ	も	5
じゃま	normal	じ	ま	3
じゃむ	normal	じ	む	3
じゃり	normal	じ	り	3
じゅう	normal	じ	う	3
じゅうたく	normal	じ	く	5
じゅうどう	normal	じ	う	5
じゅうよう	normal	じ	う	5
じゅうらい	normal	じ	い	5
じゅぎょう	normal	じ	う	5
じゅつご	normal	じ	ご	4
じゅみょう	normal	じ	う	5
じゅよう	normal	じ	う	4
じゅんさ	normal	じ	さ	4
じゅんすい	normal	じ	い	5
じゅんび	normal	じ	び	4
じゅーす	normal	じ	す	4
じゆう	normal	じ	う	3
じょう	normal	じ	う	3
じょうき	normal	じ	き	4
じょうきゅう	normal	じ	う	6
じょうぎ	normal	じ	ぎ	4
じょうげ	normal	じ	げ	4
じょうしき	normal	じ	き	5
じょうしょう	normal	じ	う	6
じょうず	normal	じ	ず	4
じょうたい	normal	じ	い	5
じょうとう	normal	じ	う	5
じょうはつ	normal	じ	つ	5
じょうほう	normal	じ	う	5
じょうやく	normal	じ	く	5
じょうりゅう	normal	じ	う	6
じょおう	normal	じ	う	4
じょし	normal	じ	し	3
じょせい	normal	じ	い	4
じょゆう	normal	じ	う	4
じんかく	normal	じ	く	4
じんこう	normal	じ	う	4
じんせい	normal	じ	い	4
じんぶつ	normal	じ	つ	4
じんるい	normal	じ	い	4
じーぷ	normal	じ	ぷ	3
すいえい	normal	す	い	4
すいか	normal	す	か	3
すいじ	normal	す	じ	3
すいじょうき	normal	す	き	6
すいそ	normal	す	そ	3
すいそう	normal	す	う	4
すいちょく	normal	す	く	5
すいっち	normal	す	ち	4
すいとう	normal	す	う	4
すいどう	normal	す	う	4
すいへい	normal	す	い	4
すいよう	normal	す	う	4
すいり	normal	す	り	3
すいりょう	normal	す	う	5
すう	normal	す	う	2
すうがく	normal	す	く	4
すうじ	normal	す	じ	3
すえ	normal	す	え	2
すかーと	normal	す	と	4
すがた	normal	す	た	3
すき	normal	す	き	2
すきま	normal	す	ま	3
すきやき	normal	す	き	4
すぎ	normal	す	ぎ	2
すくい	normal	す	い	3
すけじゅーる	normal	す	る	6
すけっち	normal	す	ち	4
すけーと	normal	す	と	4
すし	normal	す	し	2
すじ	normal	す	じ	2
すす	normal	す	す	2
すすき	normal	す	き	3
すず	normal	す	ず	2
すずむし	normal	す	し	4
すずめ	normal	す	め	3
すそ	normal	す	そ	2
すたいる	normal	す	る	4
すたんど	normal	す	ど	4
すたんぷ	normal	す	ぷ	4
すたーと	normal	す	と	4
すてっき	normal	す	き	4
すてっぷ	normal	す	ぷ	4
すてーじ	normal	す	じ	4
すとっぷ	normal	す	ぷ	4
すとらいき	normal	す	き	5
すとーぶ	normal	す	ぶ	4
すな	normal	す	な	2
すぴーど	normal	す	ど	4
すべて	normal	す	て	3
すべりだい	normal	す	い	5
すぽーつ	normal	す	つ	4
すまい	normal	す	い	3
すみ	normal	す	み	2
すもう	normal	す	う	3
すらいど	normal	す	ど	4
すり	normal	す	り	2
すりっぱ	normal	す	ぱ	4
すんぽう	normal	す	う	4
すーつ	normal	す	つ	3
すーぷ	normal	す	ぷ	3
ずけい	normal	ず	い	3
ずっく	normal	ず	く	3
ずつう	normal	ず	う	3
せいか	normal	せ	か	3
せいかく	normal	せ	く	4
せいかつ	normal	せ	つ	4
せいき	normal	せ	き	3
せいきゅう	normal	せ	う	5
せいぎ	normal	せ	ぎ	3
せいけつ	normal	せ	つ	4
せいさく	normal	せ	く	4
せいしき	normal	せ	き	4
せいしつ	normal	せ	つ	4
せいじ	normal	せ	じ	3
せいじつ	normal	せ	つ	4
せいじょう	normal	せ	う	5
せいせき	normal	せ	き	4
せいぞう	normal	せ	う	4
せいちょう	normal	せ	う	5
せいてつ	normal	せ	つ	4
せいと	normal	せ	と	3
せいとう	normal	せ	う	4
せいど	normal	せ	ど	3
せいのう	normal	せ	う	4
せいび	normal	せ	び	3
せいふ	normal	せ	ふ	3
せいふく	normal	せ	く	4
せいぶつ	normal	せ	つ	4
せいほうけい	normal	せ	い	6
せいみつ	normal	せ	つ	4
せいめい	normal	せ	い	4
せいよう	normal	せ	う	4
せいり	normal	せ	り	3
せいりつ	normal	せ	つ	4
せいりょく	normal	せ	く	5
せいれき	normal	せ	き	4
せかい	normal	せ	い	3
せき	normal	せ	き	2
せきじゅうじ	normal	せ	じ	6
せきどう	normal	せ	う	4
せきゆ	normal	せ	ゆ	3
せっしょく	normal	せ	く	5
せつぞく	normal	せ	く	4
せつび	normal	せ	び	3
せつめい	normal	せ	い	4
せつやく	normal	せ	く	4
せともの	normal	せ	の	4
せなか	normal	せ	か	3
せのび	normal	せ	び	3
せびろ	normal	せ	ろ	3
せみ	normal	せ	み	2
せめんと	normal	せ	と	4
せりふ	normal	せ	ふ	3
せわ	normal	せ	わ	2
せんい	normal	せ	い	3
せんげつ	normal	せ	つ	4
せんこう	normal	せ	う	4
せんざい	normal	せ	い	4
せんしゅう	normal	せ	う	5
せんじつ	normal	せ	つ	4
せんす	normal	せ	す	3
せんせい	normal	せ	い	4
せんそう	normal	せ	う	4
せんぞ	normal	せ	ぞ	3
せんたく	normal	せ	く	4
せんだって	normal	せ	て	5
せんち	normal	せ	ち	3
せんちめーとる	normal	せ	る	7
せんちょう	normal	せ	う	5
せんとう	normal	せ	う	4
せんぱい	normal	せ	い	4
せんぷうき	normal	せ	き	5
せんべい	normal	せ	い	4
せんめんき	normal	せ	き	5
せんりょう	normal	せ	う	5
せんろ	normal	せ	ろ	3
せーふ	normal	せ	ふ	3
ぜいたく	normal	ぜ	く	4
ぜったい	normal	ぜ	い	4
ぜつぼう	normal	ぜ	う	4
ぜひ	normal	ぜ	ひ	2
ぜろ	normal	ぜ	ろ	2
ぜんこく	normal	ぜ	く	4
ぜんご	normal	ぜ	ご	3
ぜんたい	normal	ぜ	い	4
ぜんぶ	normal	ぜ	ぶ	3
ぜんりょく	normal	ぜ	く	5
そう	normal	そ	う	2
そうい	normal	そ	い	3
そうこ	normal	そ	こ	3
そうご	normal	そ	ご	3
そうごう	normal	そ	う	4
そうさ	normal	そ	さ	3
そうしき	normal	そ	き	4
そうしょく	normal	そ	く	5
そうじ	normal	そ	じ	3
そうぞう	normal	そ	う	4
そうたい	normal	そ	い	4
そうち	normal	そ	ち	3
そうとう	normal	そ	う	4
そくたつ	normal	そ	つ	4
そくど	normal	そ	ど	3
そくりょう	normal	そ	う	5
そくりょく	normal	そ	く	5
そこ	normal	そ	こ	2
そしき	normal	そ	き	3
そだち	normal	そ	ち	3
そつぎょう	normal	そ	う	5
そで	normal	そ	で	2
そと	normal	そ	と	2
そとがわ	normal	そ	わ	4
そのうち	normal	そ	ち	4
そば	normal	そ	ば	2
そふ	normal	そ	ふ	2
そぼ	normal	そ	ぼ	2
そよかぜ	normal	そ	ぜ	4
そら	normal	そ	ら	2
それぞれ	normal	そ	れ	4
そんがい	normal	そ	い	4
そんけい	normal	そ	い	4
そんざい	normal	そ	い	4
そんちょう	normal	そ	う	5
そーす	normal	そ	す	3
ぞう	normal	ぞ	う	2
ぞうか	normal	ぞ	か	3
ぞうだい	normal	ぞ	い	4
ぞうに	normal	ぞ	に	3
ぞうり	normal	ぞ	り	3
たい	normal	た	い	2
たいいく	normal	た	く	4
たいかい	normal	た	い	4
たいかく	normal	た	く	4
たいがい	normal	た	い	4
たいくつ	normal	た	つ	4
たいぐう	normal	た	う	4
たいけい	normal	た	い	4
たいこ	normal	た	こ	3
たいこう	normal	た	う	4
たいさく	normal	た	く	4
たいざい	normal	た	い	4
たいし	normal	た	し	3
たいしゅう	normal	た	う	5
たいしょう	normal	た	う	5
たいじ	normal	た	じ	3
たいじゅう	normal	た	う	5
たいせい	normal	た	い	4
たいせき	normal	た	き	4
たいそう	normal	た	う	4
たいど	normal	た	ど	3
たいふう	normal	た	う	4
たいぷ	normal	た	ぷ	3
たいへいよう	normal	た	う	6
たいほ	normal	た	ほ	3
たいや	normal	た	や	3
たいよう	normal	た	う	4
たいりく	normal	た	く	4
たいりつ	normal	た	つ	4
たいりょう	normal	た	う	5
たうえ	normal	た	え	3
たおる	normal	た	る	3
たか	normal	た	か	2
たから	normal	た	ら	3
たがい	normal	た	い	3
たき	normal	た	き	2
たきぎ	normal	た	ぎ	3
たきび	normal	た	び	3
たくみ	normal	た	み	3
たけ	normal	た	け	2
たけのこ	normal	た	こ	4
たけやぶ	normal	た	ぶ	4
たこ	normal	た	こ	2
たしょう	normal	た	う	4
たすう	normal	た	う	3
たたかい	normal	た	い	4
たたみ	normal	た	み	3
ただ	normal	た	だ	2
ただいま	normal	た	ま	4
たちば	normal	た	ば	3
たて	normal	た	て	2
たてがみ	normal	た	み	4
たてまえ	normal	た	え	4
たてもの	normal	た	の	4
たとえ	normal	た	え	3
たな	normal	た	な	2
たなばた	normal	た	た	4
たに	normal	た	に	2
たにがわ	normal	た	わ	4
たぬき	normal	た	き	3
たね	normal	た	ね	2
たねまき	normal	た	き	4
たのしみ	normal	た	み	4
たのみ	normal	た	み	3
たば	normal	た	ば	2
たばこ	normal	た	こ	3
たび	normal	た	び	2
たべもの	normal	た	の	4
たま	normal	た	ま	2
たまご	normal	た	ご	3
たましい	normal	た	い	4
たまねぎ	normal	た	ぎ	4
ため	normal	た	め	2
ためいき	normal	た	き	4
ためし	normal	た	し	3
たより	normal	た	り	3
たらい	normal	た	い	3
たりょう	normal	た	う	4
たわら	normal	た	ら	3
たんい	normal	た	い	3
たんか	normal	た	か	3
たんき	normal	た	き	3
たんこう	normal	た	う	4
たんご	normal	た	ご	3
たんしゅく	normal	た	く	5
たんじょう	normal	た	う	5
たんじょうび	normal	た	び	6
たんす	normal	た	す	3
たんそ	normal	た	そ	3
たんとう	normal	た	う	4
たんぱくしつ	normal	た	つ	6
たんぼ	normal	た	ぼ	3
たんぽぽ	normal	た	ぽ	4
だい	normal	だ	い	2
だいがく	normal	だ	く	4
だいく	normal	だ	く	3
だいじ	normal	だ	じ	3
だいたい	normal	だ	い	4
だいだい	normal	だ	い	4
だいとうりょう	normal	だ	う	7
だいどころ	normal	だ	ろ	5
だいなし	normal	だ	し	4
だいひょう	normal	だ	う	5
だいやもんど	normal	だ	ど	6
だいやる	normal	だ	る	4
だいよう	normal	だ	う	4
だっこ	normal	だ	こ	3
だむ	normal	だ	む	2
だめ	normal	だ	め	2
だりあ	normal	だ	あ	3
だるま	normal	だ	ま	3
だんかい	normal	だ	い	4
だんし	normal	だ	し	3
だんす	normal	だ	す	3
だんせい	normal	だ	い	4
だんたい	normal	だ	い	4
だんぼう	normal	だ	う	4
だーす	normal	だ	す	3
ちいき	normal	ち	き	3
ちえ	normal	ち	え	2
ちか	normal	ち	か	2
ちかく	normal	ち	く	3
ちかごろ	normal	ち	ろ	4
ちかてつ	normal	ち	つ	4
ちかみち	normal	ち	ち	4
ちから	normal	ち	ら	3
ちがい	normal	ち	い	3
ちきゅう	normal	ち	う	4
ちくおんき	normal	ち	き	5
ちけい	normal	ち	い	3
ちこく	normal	ち	く	3
ちしき	normal	ち	き	3
ちじょう	normal	ち	う	4
ちず	normal	ち	ず	2
ちたい	normal	ち	い	3
ちゃいろ	normal	ち	ろ	4
ちゃく	normal	ち	く	3
ちゃくせき	normal	ち	き	5
ちゃんす	normal	ち	す	4
ちゅう	normal	ち	う	3
ちゅうい	normal	ち	い	4
ちゅうおう	normal	ち	う	5
ちゅうがくせい	normal	ち	い	7
ちゅうがっこう	normal	ち	う	7
ちゅうごく	normal	ち	く	5
ちゅうし	normal	ち	し	4
ちゅうせい	normal	ち	い	5
ちゅうふく	normal	ち	く	5
ちゅうもく	normal	ち	く	5
ちゅうりゅう	normal	ち	う	6
ちゅうわ	normal	ち	わ	4
ちゅーりっぷ	normal	ち	ぷ	6
ちょう	normal	ち	う	3
ちょうき	normal	ち	き	4
ちょうこく	normal	ち	く	5
ちょうさ	normal	ち	さ	4
ちょうし	normal	ち	し	4
ちょうしょく	normal	ち	く	6
ちょうしんき	normal	ち	き	6
ちょうじょう	normal	ち	う	6
ちょうせい	normal	ち	い	5
ちょうせつ	normal	ち	つ	5
ちょうだい	normal	ち	い	5
ちょうほうけい	normal	ち	い	7
ちょうみりょう	normal	ち	う	7
ちょうわ	normal	ち	わ	4
ちょくせつ	normal	ち	つ	5
ちょこれーと	normal	ち	と	6
ちょちく	normal	ち	く	4
ちょっかく	normal	ち	く	5
ちょっけい	normal	ち	い	5
ちょーく	normal	ち	く	4
ちり	normal	ち	り	2
ちりがみ	normal	ち	み	4
ちりとり	normal	ち	り	4
ちりょう	normal	ち	う	4
ちんぼつ	normal	ち	つ	4
ちーず	normal	ち	ず	3
ちーむ	normal	ち	む	3
つい	normal	つ	い	2
ついたち	normal	つ	ち	4
ついで	normal	つ	で	3
ついらく	normal	つ	く	4
つうか	normal	つ	か	3
つうがく	normal	つ	く	4
つうこう	normal	つ	う	4
つうじょう	normal	つ	う	5
つうち	normal	つ	ち	3
つうやく	normal	つ	く	4
つうよう	normal	つ	う	4
つうろ	normal	つ	ろ	3
つえ	normal	つ	え	2
つかい	normal	つ	い	3
つかれ	normal	つ	れ	3
つき	normal	つ	き	2
つきひ	normal	つ	ひ	3
つぎ	normal	つ	ぎ	2
つぎつぎ	normal	つ	ぎ	4
つくえ	normal	つ	え	3
つくし	normal	つ	し	3
つくり	normal	つ	り	3
つけもの	normal	つ	の	4
つごう	normal	つ	う	3
つち	normal	つ	ち	2
つつ	normal	つ	つ	2
つつじ	normal	つ	じ	3
つつみ	normal	つ	み	3
つづき	normal	つ	き	3
つとめ	normal	つ	め	3
つな	normal	つ	な	2
つなひき	normal	つ	き	4
つなみ	normal	つ	み	3
つね	normal	つ	ね	2
つの	normal	つ	の	2
つば	normal	つ	ば	2
つばき	normal	つ	き	3
つばさ	normal	つ	さ	3
つばめ	normal	つ	め	3
つぶ	normal	つ	ぶ	2
つぼ	normal	つ	ぼ	2
つぼみ	normal	つ	み	3
つま	normal	つ	ま	2
つまさき	normal	つ	き	4
つまり	normal	つ	り	3
つみ	normal	つ	み	2
つみき	normal	つ	き	3
つめ	normal	つ	め	2
つもり	normal	つ	り	3
つや	normal	つ	や	2
つゆ	normal	つ	ゆ	2
つり	normal	つ	り	2
つりあい	normal	つ	い	4
つる	normal	つ	る	2
てあて	normal	て	て	3
てあらい	normal	て	い	4
ていか	normal	て	か	3
ていき	normal	て	き	3
ていきょう	normal	て	う	5
ていこう	normal	て	う	4
ていさい	normal	て	い	4
ていし	normal	て	し	3
ていしゅつ	normal	て	つ	5
ていせい	normal	て	い	4
ていど	normal	て	ど	3
ていねい	normal	て	い	4
ていぼう	normal	て	う	4
ていれ	normal	て	れ	3
てがみ	normal	て	み	3
てがら	normal	て	ら	3
てき	normal	て	き	2
てきよう	normal	て	う	4
てこ	normal	て	こ	2
てごろ	normal	て	ろ	3
てじな	normal	て	な	3
てすう	normal	て	う	3
てすと	normal	て	と	3
てすり	normal	て	り	3
てちょう	normal	て	う	4
てっきょう	normal	て	う	5
てってい	normal	て	い	4
てっぽう	normal	て	う	4
てつ	normal	て	つ	2
てつがく	normal	て	く	4
てつだい	normal	て	い	4
てつづき	normal	て	き	4
てつどう	normal	て	う	4
てつぼう	normal	て	う	4
てぬぐい	normal	て	い	4
てのひら	normal	て	ら	4
てびき	normal	て	き	3
てぶくろ	normal	て	ろ	4
てまえ	normal	て	え	3
てら	normal	て	ら	2
てるてるぼうず	normal	て	ず	7
てれび	normal	て	び	3
てわけ	normal	て	け	3
てんき	normal	て	き	3
てんこう	normal	て	う	4
てんごく	normal	て	く	4
てんさい	normal	て	い	4
てんし	normal	て	し	3
てんじ	normal	て	じ	3
てんじょう	normal	て	う	5
てんすう	normal	て	う	4
てんと	normal	て	と	3
てんのう	normal	て	う	4
てんぷら	normal	て	ら	4
てんもんだい	normal	て	い	6
てんらんかい	normal	て	い	6
てーぶる	normal	て	る	4
てーぷ	normal	て	ぷ	3
でいり	normal	で	り	3
でいりぐち	normal	で	ち	5
できごと	normal	で	と	4
でぐち	normal	で	ち	3
でこぼこ	normal	で	こ	4
でたらめ	normal	で	め	4
でぱーと	normal	で	と	4
でむかえ	normal	で	え	4
でんき	normal	で	き	3
でんきゅう	normal	で	う	5
でんし	normal	で	し	3
でんしんばしら	normal	で	ら	7
でんせつ	normal	で	つ	4
でんち	normal	で	ち	3
でんちゅう	normal	で	う	5
でんとう	normal	で	う	4
でんぱ	normal	で	ぱ	3
でんぽう	normal	で	う	4
でんりゅう	normal	で	う	5
でんわ	normal	で	わ	3
とい	normal	と	い	2
とう	normal	と	う	2
とういつ	normal	と	つ	4
とうき	normal	と	き	3
とうけい	normal	と	い	4
とうし	normal	と	し	3
とうじ	normal	と	じ	3
とうじょう	normal	と	う	5
とうせい	normal	と	い	4
とうだい	normal	と	い	4
とうちゃく	normal	と	く	5
とうひょう	normal	と	う	5
とうふ	normal	と	ふ	3
とうほく	normal	と	く	4
とうめい	normal	と	い	4
とうもろこし	normal	と	し	6
とうよう	normal	と	う	4
とうろく	normal	と	く	4
とお	normal	と	お	2
とおか	normal	と	か	3
とおく	normal	と	く	3
とおまわり	normal	と	り	5
とおり	normal	と	り	3
とかい	normal	と	い	3
とき	normal	と	き	2
とく	normal	と	く	2
とくい	normal	と	い	3
とくしょく	normal	と	く	5
とくちょう	normal	と	う	5
とくてい	normal	と	い	4
とくゆう	normal	と	う	4
とけい	normal	と	い	3
とげ	normal	と	げ	2
とこ	normal	と	こ	2
とこのま	normal	と	ま	4
とこや	normal	と	や	3
ところ	normal	と	ろ	3
ところどころ	normal	と	ろ	6
とし	normal	と	し	2
としょしつ	normal	と	つ	5
としより	normal	と	り	4
とじまり	normal	と	り	4
とだな	normal	と	な	3
とち	normal	と	ち	2
とちゅう	normal	と	う	4
とっきゅう	normal	と	う	5
とっく	normal	と	く	3
とどけ	normal	と	け	3
となり	normal	と	り	3
とのさま	normal	と	ま	4
とびうお	normal	と	お	4
とびら	normal	と	ら	3
とまと	normal	と	と	3
とも	normal	と	も	2
ともかせぎ	normal	と	ぎ	5
ともだち	normal	と	ち	4
とら	normal	と	ら	2
とらっく	normal	と	く	4
とらんく	normal	と	く	4
とらんぷ	normal	と	ぷ	4
とり	normal	と	り	2
とりあつかい	normal	と	い	6
とりかご	normal	と	ご	4
とりごや	normal	と	や	4
とりしまり	normal	と	り	5
とりひき	normal	と	き	4
とんねる	normal	と	る	4
とんぼ	normal	と	ぼ	3
とんや	normal	と	や	3
どあ	normal	ど	あ	2
どいつ	normal	ど	つ	3
どう	normal	ど	う	2
どうい	normal	ど	い	3
どういつ	normal	ど	つ	4
どうぐ	normal	ど	ぐ	3
どうさ	normal	ど	さ	3
どうし	normal	ど	し	3
どうじ	normal	ど	じ	3
どうじょう	normal	ど	う	5
どうぞう	normal	ど	う	4
どうとく	normal	ど	く	4
どうぶつ	normal	ど	つ	4
どうよう	normal	ど	う	4
どうり	normal	ど	り	3
どうりょく	normal	ど	く	5
どうろ	normal	ど	ろ	3
どうわ	normal	ど	わ	3
どきょう	normal	ど	う	4
どく	normal	ど	く	2
どくさい	normal	ど	い	4
どくりつ	normal	ど	つ	4
どっじぼーる	normal	ど	る	6
どて	normal	ど	て	2
どよう	normal	ど	う	3
どらいぶ	normal	ど	ぶ	4
どりょく	normal	ど	く	4
どる	normal	ど	る	2
どろ	normal	ど	ろ	2
どろぼう	normal	ど	う	4
どんぐり	normal	ど	り	4
どんぶり	normal	ど	り	4
ないか	normal	な	か	3
ないかく	normal	な	く	4
ないふ	normal	な	ふ	3
ないぶ	normal	な	ぶ	3
ないよう	normal	な	う	4
なえ	normal	な	え	2
なか	normal	な	か	2
なかなおり	normal	な	り	5
なかば	normal	な	ば	3
なかま	normal	な	ま	3
なかみ	normal	な	み	3
なかよし	normal	な	し	4
ながぐつ	normal	な	つ	4
ながさ	normal	な	さ	3
ながめ	normal	な	め	3
ながれ	normal	な	れ	3
なさけ	normal	な	け	3
なし	normal	な	し	2
なす	normal	な	す	2
なぞ	normal	な	ぞ	2
なぞなぞ	normal	な	ぞ	4
なだれ	normal	な	れ	3
なっとく	normal	な	く	4
なつ	normal	な	つ	2
なつやすみ	normal	な	み	5
なな	normal	な	な	2
ななつ	normal	な	つ	3
ななめ	normal	な	め	3
なのか	normal	な	か	3
なふだ	normal	な	だ	3
なべ	normal	な	べ	2
なま	normal	な	ま	2
なまいき	normal	な	き	4
なまえ	normal	な	え	3
なまり	normal	な	り	3
なみ	normal	な	み	2
なみき	normal	な	き	3
なみだ	normal	な	だ	3
なわ	normal	な	わ	2
なわとび	normal	な	び	4
なんきょく	normal	な	く	5
なんど	normal	な	ど	3
なんべい	normal	な	い	4
におい	normal	に	い	3
にがて	normal	に	て	3
にく	normal	に	く	2
にし	normal	に	し	2
にじ	normal	に	じ	2
にせ	normal	に	せ	2
にち	normal	に	ち	2
にちじょう	normal	に	う	5
にちよう	normal	に	う	4
にっき	normal	に	き	3
にっこう	normal	に	う	4
にっしょく	normal	に	く	5
にづくり	normal	に	り	4
にもつ	normal	に	つ	3
にゅうがく	normal	に	く	5
にゅうじょう	normal	に	う	6
にゅうどうぐも	normal	に	も	7
にゅーす	normal	に	す	4
にわ	normal	に	わ	2
にわかあめ	normal	に	め	5
にわとり	normal	に	り	4
にんき	normal	に	き	3
にんぎょう	normal	に	う	5
にんじょう	normal	に	う	5
ぬし	normal	ぬ	し	2
ぬの	normal	ぬ	の	2
ぬま	normal	ぬ	ま	2
ぬりえ	normal	ぬ	え	3
ねあげ	normal	ね	げ	3
ねうち	normal	ね	ち	3
ねがい	normal	ね	い	3
ねぎ	normal	ね	ぎ	2
ねくたい	normal	ね	い	4
ねこ	normal	ね	こ	2
ねじ	normal	ね	じ	2
ねずみ	normal	ね	み	3
ねったい	normal	ね	い	4
ねっちゅう	normal	ね	う	5
ねつ	normal	ね	つ	2
ねどこ	normal	ね	こ	3
ねぼう	normal	ね	う	3
ねまき	normal	ね	き	3
ねらい	normal	ね	い	3
ねんがじょう	normal	ね	う	6
ねんど	normal	ね	ど	3
ねんりょう	normal	ね	う	5
ねんれい	normal	ね	い	4
のう	normal	の	う	2
のうか	normal	の	か	3
のうぎょう	normal	の	う	5
のうじょう	normal	の	う	5
のうち	normal	の	ち	3
のうりつ	normal	の	つ	4
のうりょく	normal	の	く	5
のこぎり	normal	の	り	4
のこり	normal	の	り	3
のぞみ	normal	の	み	3
のち	normal	の	ち	2
のっく	normal	の	く	3
のど	normal	の	ど	2
のはら	normal	の	ら	3
のぼり	normal	の	り	3
のみ	normal	の	み	2
のみもの	normal	の	の	4
のり	normal	の	り	2
のりかえ	normal	の	え	4
のりもの	normal	の	の	4
のーと	normal	の	と	3
はい	normal	は	い	2
はいいろ	normal	は	ろ	4
はいきんぐ	normal	は	ぐ	5
はいく	normal	は	く	3
はいけい	normal	は	い	4
はいし	normal	は	し	3
はいたつ	normal	は	つ	4
はいち	normal	は	ち	3
はいゆう	normal	は	う	4
はいれつ	normal	は	つ	4
はえ	normal	は	え	2
はおり	normal	は	り	3
はか	normal	は	か	2
はかい	normal	は	い	3
はかり	normal	は	り	3
はがき	normal	は	き	3
はきもの	normal	は	の	4
はくちょう	normal	は	う	5
はぐるま	normal	は	ま	4
はけ	normal	は	け	2
はこ	normal	は	こ	2
はごいた	normal	は	た	4
はさみ	normal	は	み	3
はし	normal	は	し	2
はしご	normal	は	ご	3
はしら	normal	は	ら	3
はじ	normal	は	じ	2
はじまり	normal	は	り	4
はじめ	normal	は	め	3
はず	normal	は	ず	2
はずみ	normal	は	み	3
はずれ	normal	は	れ	3
はた	normal	は	た	2
はたけ	normal	は	け	3
はたち	normal	は	ち	3
はたらき	normal	は	き	4
はだ	normal	は	だ	2
はだぎ	normal	は	ぎ	3
はだし	normal	は	し	3
はち	normal	は	ち	2
はちまき	normal	は	き	4
はっこう	normal	は	う	4
はっせい	normal	は	い	4
はったつ	normal	は	つ	4
はっぱ	normal	は	ぱ	3
はっぴょう	normal	は	う	5
はつ	normal	は	つ	2
はつか	normal	は	か	3
はつめい	normal	は	い	4
はで	normal	は	で	2
はと	normal	は	と	2
はとば	normal	は	ば	3
はな	normal	は	な	2
はなし	normal	は	し	3
はなしあい	normal	は	い	5
はなたば	normal	は	ば	4
はなび	normal	は	び	3
はなびら	normal	は	ら	4
はなみ	normal	は	み	3
はね	normal	は	ね	2
はねつき	normal	は	き	4
はは	normal	は	は	2
はば	normal	は	ば	2
はま	normal	は	ま	2
はまべ	normal	は	べ	3
はみがき	normal	は	き	4
はむ	normal	は	む	2
はやおき	normal	は	き	4
はやくち	normal	は	ち	4
はやし	normal	は	し	3
はら	normal	は	ら	2
はらい	normal	は	い	3
はらっぱ	normal	は	ぱ	4
はり	normal	は	り	2
はりがね	normal	は	ね	4
はる	normal	は	る	2
はるかぜ	normal	は	ぜ	4
はれ	normal	は	れ	2
はんい	normal	は	い	3
はんかち	normal	は	ち	4
はんが	normal	は	が	3
はんこう	normal	は	う	4
はんざい	normal	は	い	4
はんしょく	normal	は	く	5
はんせい	normal	は	い	4
はんたい	normal	は	い	4
はんとう	normal	は	う	4
はんどばっぐ	normal	は	ぐ	6
はんどる	normal	は	る	4
はんのう	normal	は	う	4
はんばい	normal	は	い	4
はーもにか	normal	は	か	5
ばあい	normal	ば	い	3
ばい	normal	ば	い	2
ばくはつ	normal	ば	つ	4
ばけつ	normal	ば	つ	3
ばす	normal	ば	す	2
ばっじ	normal	ば	じ	3
ばっと	normal	ば	と	3
ばつ	normal	ば	つ	2
ばなな	normal	ば	な	3
ばね	normal	ば	ね	2
ばら	normal	ば	ら	2
ばんぐみ	normal	ば	み	4
ばんごう	normal	ば	う	4
ばんざい	normal	ば	い	4
ばんそう	normal	ば	う	4
ばんち	normal	ば	ち	3
ぱいぷ	normal	ぱ	ぷ	3
ぱんつ	normal	ぱ	つ	3
ぱーせんと	normal	ぱ	と	5
ひかく	normal	ひ	く	3
ひかげ	normal	ひ	げ	3
ひかり	normal	ひ	り	3
ひがい	normal	ひ	い	3
ひがし	normal	ひ	し	3
ひきだし	normal	ひ	し	4
ひきょう	normal	ひ	う	4
ひきわけ	normal	ひ	け	4
ひぐれ	normal	ひ	れ	3
ひげ	normal	ひ	げ	2
ひこう	normal	ひ	う	3
ひこうき	normal	ひ	き	4
ひごろ	normal	ひ	ろ	3
ひさしぶり	normal	ひ	り	5
ひざ	normal	ひ	ざ	2
ひじ	normal	ひ	じ	2
ひじょうぐち	normal	ひ	ち	6
ひたい	normal	ひ	い	3
ひだり	normal	ひ	り	3
ひだりがわ	normal	ひ	わ	5
ひだりて	normal	ひ	て	4
ひっこし	normal	ひ	し	4
ひっし	normal	ひ	し	3
ひつじ	normal	ひ	じ	3
ひつよう	normal	ひ	う	4
ひづけ	normal	ひ	け	3
ひてい	normal	ひ	い	3
ひと	normal	ひ	と	2
ひといき	normal	ひ	き	4
ひとがら	normal	ひ	ら	4
ひとこと	normal	ひ	と	4
ひとごみ	normal	ひ	み	4
ひとさしゆび	normal	ひ	び	6
ひとつ	normal	ひ	つ	3
ひととおり	normal	ひ	り	5
ひとびと	normal	ひ	と	4
ひとめ	normal	ひ	め	3
ひとやすみ	normal	ひ	み	5
ひとり	normal	ひ	り	3
ひな	normal	ひ	な	2
ひなた	normal	ひ	た	3
ひにく	normal	ひ	く	3
ひばち	normal	ひ	ち	3
ひばな	normal	ひ	な	3
ひばり	normal	ひ	り	3
ひひょう	normal	ひ	う	4
ひび	normal	ひ	び	2
ひびき	normal	ひ	き	3
ひふ	normal	ひ	ふ	2
ひま	normal	ひ	ま	2
ひまわり	normal	ひ	り	4
ひみつ	normal	ひ	つ	3
ひめい	normal	ひ	い	3
ひも	normal	ひ	も	2
ひゃく	normal	ひ	く	3
ひゃくしょう	normal	ひ	う	6
ひやけ	normal	ひ	け	3
ひょう	normal	ひ	う	3
ひょうご	normal	ひ	ご	4
ひょうし	normal	ひ	し	4
ひょうしょう	normal	ひ	う	6
ひょうじょう	normal	ひ	う	6
ひよう	normal	ひ	う	3
ひよこ	normal	ひ	こ	3
ひらがな	normal	ひ	な	4
ひりょう	normal	ひ	う	4
ひる	normal	ひ	る	2
ひるね	normal	ひ	ね	3
ひるま	normal	ひ	ま	3
ひろう	normal	ひ	う	3
ひろば	normal	ひ	ば	3
ひんしつ	normal	ひ	つ	4
びじゅつ	normal	び	つ	4
びすけっと	normal	び	と	5
びっくり	normal	び	り	4
びょう	normal	び	う	3
びょうき	normal	び	き	4
びょうどう	normal	び	う	5
びる	normal	び	る	2
びるでぃんぐ	normal	び	ぐ	6
びんぼう	normal	び	う	4
びーる	normal	び	る	3
ぴあの	normal	ぴ	の	3
ぴくにっく	normal	ぴ	く	5
ぴすとる	normal	ぴ	る	4
ぴんく	normal	ぴ	く	3
ふぃるむ	normal	ふ	む	4
ふい	normal	ふ	い	2
ふう	normal	ふ	う	2
ふうけい	normal	ふ	い	4
ふうとう	normal	ふ	う	4
ふうふ	normal	ふ	ふ	3
ふえ	normal	ふ	え	2
ふぉーく	normal	ふ	く	4
ふきそく	normal	ふ	く	4
ふきゅう	normal	ふ	う	4
ふく	normal	ふ	く	2
ふくざつ	normal	ふ	つ	4
ふくし	normal	ふ	し	3
ふくしゅう	normal	ふ	う	5
ふくそう	normal	ふ	う	4
ふくろ	normal	ふ	ろ	3
ふくろう	normal	ふ	う	4
ふぐ	normal	ふ	ぐ	2
ふけつ	normal	ふ	つ	3
ふこう	normal	ふ	う	3
ふこうへい	normal	ふ	い	5
ふさ	normal	ふ	さ	2
ふし	normal	ふ	し	2
ふしぎ	normal	ふ	ぎ	3
ふしんせつ	normal	ふ	つ	5
ふじゆう	normal	ふ	う	4
ふすま	normal	ふ	ま	3
ふそく	normal	ふ	く	3
ふぞく	normal	ふ	く	3
ふた	normal	ふ	た	2
ふたつ	normal	ふ	つ	3
ふたり	normal	ふ	り	3
ふだ	normal	ふ	だ	2
ふち	normal	ふ	ち	2
ふちゅうい	normal	ふ	い	5
ふっかつ	normal	ふ	つ	4
ふっとう	normal	ふ	う	4
ふつう	normal	ふ	う	3
ふつか	normal	ふ	か	3
ふで	normal	ふ	で	2
ふところ	normal	ふ	ろ	4
ふね	normal	ふ	ね	2
ふぶき	normal	ふ	き	3
ふへい	normal	ふ	い	3
ふぼ	normal	ふ	ぼ	2
ふみきり	normal	ふ	り	4
ふもと	normal	ふ	と	3
ふゆ	normal	ふ	ゆ	2
ふゆかい	normal	ふ	い	4
ふゆごもり	normal	ふ	り	5
ふゆやすみ	normal	ふ	み	5
ふらんす	normal	ふ	す	4
ふり	normal	ふ	り	2
ふりがな	normal	ふ	な	4
ふりこ	normal	ふ	こ	3
ふりょう	normal	ふ	う	4
ふるさと	normal	ふ	と	4
ふろ	normal	ふ	ろ	2
ふろく	normal	ふ	く	3
ふろしき	normal	ふ	き	4
ふろば	normal	ふ	ば	3
ふんいき	normal	ふ	き	4
ふんか	normal	ふ	か	3
ふんすい	normal	ふ	い	4
ぶじ	normal	ぶ	じ	2
ぶた	normal	ぶ	た	2
ぶたい	normal	ぶ	い	3
ぶっか	normal	ぶ	か	3
ぶっきょう	normal	ぶ	う	5
ぶっしつ	normal	ぶ	つ	4
ぶったい	normal	ぶ	い	4
ぶどう	normal	ぶ	う	3
ぶらうす	normal	ぶ	す	4
ぶらし	normal	ぶ	し	3
ぶれーき	normal	ぶ	き	4
ぶんか	normal	ぶ	か	3
ぶんかい	normal	ぶ	い	4
ぶんがく	normal	ぶ	く	4
ぶんし	normal	ぶ	し	3
ぶんしょう	normal	ぶ	う	5
ぶんぷ	normal	ぶ	ぷ	3
ぶんぼうぐ	normal	ぶ	ぐ	5
ぶんぽう	normal	ぶ	う	4
ぶんめい	normal	ぶ	い	4
ぶんや	normal	ぶ	や	3
ぶんり	normal	ぶ	り	3
ぶんるい	normal	ぶ	い	4
ぷらすちっく	normal	ぷ	く	6
ぷらっとほーむ	normal	ぷ	む	7
ぷりんと	normal	ぷ	と	4
ぷれぜんと	normal	ぷ	と	5
ぷろぐらむ	normal	ぷ	む	5
ぷろぺら	normal	ぷ	ら	4
ぷーる	normal	ぷ	る	3
へい	normal	へ	い	2
へいき	normal	へ	き	3
へいこう	normal	へ	う	4
へいたい	normal	へ	い	4
へいほう	normal	へ	う	4
へいや	normal	へ	や	3
へいわ	normal	へ	わ	3
へた	normal	へ	た	2
へび	normal	へ	び	2
へや	normal	へ	や	2
へんか	normal	へ	か	3
へんこう	normal	へ	う	4
へんしゅう	normal	へ	う	5
へんじ	normal	へ	じ	3
べいこく	normal	べ	く	4
べっど	normal	べ	ど	3
べつ	normal	べ	つ	2
べる	normal	べ	る	2
べると	normal	べ	と	3
べんきょう	normal	べ	う	5
べんち	normal	べ	ち	3
べんとう	normal	べ	う	4
べんり	normal	べ	り	3
ぺんき	normal	ぺ	き	3
ぺんち	normal	ぺ	ち	3
ぺーじ	normal	ぺ	じ	3
ほう	normal	ほ	う	2
ほうかい	normal	ほ	い	4
ほうがく	normal	ほ	く	4
ほうき	normal	ほ	き	3
ほうこう	normal	ほ	う	4
ほうこく	normal	ほ	く	4
ほうさく	normal	ほ	く	4
ほうし	normal	ほ	し	3
ほうせき	normal	ほ	き	4
ほうそう	normal	ほ	う	4
ほうそく	normal	ほ	く	4
ほうたい	normal	ほ	い	4
ほうちょう	normal	ほ	う	5
ほうどう	normal	ほ	う	4
ほうび	normal	ほ	び	3
ほうほう	normal	ほ	う	4
ほうぼう	normal	ほ	う	4
ほうりつ	normal	ほ	つ	4
ほお	normal	ほ	お	2
ほおずり	normal	ほ	り	4
ほか	normal	ほ	か	2
ほくろ	normal	ほ	ろ	3
ほこり	normal	ほ	り	3
ほご	normal	ほ	ご	2
ほし	normal	ほ	し	2
ほしょう	normal	ほ	う	4
ほたる	normal	ほ	る	3
ほっきょく	normal	ほ	く	5
ほっぺた	normal	ほ	た	4
ほてる	normal	ほ	る	3
ほとけ	normal	ほ	け	3
ほとんど	normal	ほ	ど	4
ほど	normal	ほ	ど	2
ほどう	normal	ほ	う	3
ほね	normal	ほ	ね	2
ほねぐみ	normal	ほ	み	4
ほのお	normal	ほ	お	3
ほらあな	normal	ほ	な	4
ほり	normal	ほ	り	2
ほんき	normal	ほ	き	3
ほんだな	normal	ほ	な	4
ほんと	normal	ほ	と	3
ほんとう	normal	ほ	う	4
ほんばこ	normal	ほ	こ	4
ほんもの	normal	ほ	の	4
ほんや	normal	ほ	や	3
ほんやく	normal	ほ	く	4
ほーむ	normal	ほ	む	3
ぼう	normal	ぼ	う	2
ぼうえき	normal	ぼ	き	4
ぼうえんきょう	normal	ぼ	う	7
ぼうか	normal	ぼ	か	3
ぼうし	normal	ぼ	し	3
ぼうせき	normal	ぼ	き	4
ぼうちょう	normal	ぼ	う	5
ぼうや	normal	ぼ	や	3
ぼうりょく	normal	ぼ	く	5
ぼく	normal	ぼ	く	2
ぼくじょう	normal	ぼ	う	5
ぼくちく	normal	ぼ	く	4
ぼしゅう	normal	ぼ	う	4
ぼたんゆき	normal	ぼ	き	5
ぼーと	normal	ぼ	と	3
ぼーなす	normal	ぼ	す	4
ぼーる	normal	ぼ	る	3
ぽけっと	normal	ぽ	と	4
ぽすと	normal	ぽ	と	3
ぽんぷ	normal	ぽ	ぷ	3
まいあさ	normal	ま	さ	4
まいく	normal	ま	く	3
まいご	normal	ま	ご	3
まいしゅう	normal	ま	う	5
まいつき	normal	ま	き	4
まいにち	normal	ま	ち	4
まえ	normal	ま	え	2
まがりかど	normal	ま	ど	5
まきば	normal	ま	ば	3
まく	normal	ま	く	2
まくら	normal	ま	ら	3
まぐろ	normal	ま	ろ	3
まこと	normal	ま	と	3
まご	normal	ま	ご	2
まさつ	normal	ま	つ	3
ますく	normal	ま	く	3
また	normal	ま	た	2
まだら	normal	ま	ら	3
まち	normal	ま	ち	2
まちあいしつ	normal	ま	つ	6
まちがい	normal	ま	い	4
まっか	normal	ま	か	3
まっくら	normal	ま	ら	4
まっくろ	normal	ま	ろ	4
まっさお	normal	ま	お	4
まっさき	normal	ま	き	4
まっしろ	normal	ま	ろ	4
まっち	normal	ま	ち	3
まつ	normal	ま	つ	2
まつり	normal	ま	り	3
まと	normal	ま	と	2
まとめ	normal	ま	め	3
まど	normal	ま	ど	2
まどぐち	normal	ま	ち	4
まないた	normal	ま	た	4
まね	normal	ま	ね	2
まばたき	normal	ま	き	4
まぶた	normal	ま	た	3
まほう	normal	ま	う	3
まま	normal	ま	ま	2
ままごと	normal	ま	と	4
まみれ	normal	ま	れ	3
まめ	normal	ま	め	2
まゆ	normal	ま	ゆ	2
まり	normal	ま	り	2
まる	normal	ま	る	2
まるた	normal	ま	た	3
まわり	normal	ま	り	3
まわりみち	normal	ま	ち	5
まんいち	normal	ま	ち	4
まんが	normal	ま	が	3
まんげつ	normal	ま	つ	4
まんじゅう	normal	ま	う	5
まんぞく	normal	ま	く	4
まんと	normal	ま	と	3
まんなか	normal	ま	か	4
まんねんひつ	normal	ま	つ	6
まーく	normal	ま	く	3
みおくり	normal	み	り	4
みかけ	normal	み	け	3
みかた	normal	み	た	3
みかづき	normal	み	き	4
みき	normal	み	き	2
みぎ	normal	み	ぎ	2
みぎがわ	normal	み	わ	4
みぎて	normal	み	て	3
みこみ	normal	み	み	3
みさき	normal	み	き	3
みず	normal	み	ず	2
みずうみ	normal	み	み	4
みずたまり	normal	み	り	5
みずでっぽう	normal	み	う	6
みせ	normal	み	せ	2
みそ	normal	み	そ	2
みぞ	normal	み	ぞ	2
みぞれ	normal	み	れ	3
みち	normal	み	ち	2
みっか	normal	み	か	3
みっつ	normal	み	つ	3
みつばち	normal	み	ち	4
みどり	normal	み	り	3
みな	normal	み	な	2
みなと	normal	み	と	3
みなみ	normal	み	み	3
みなり	normal	み	り	3
みね	normal	み	ね	2
みはらし	normal	み	し	4
みはり	normal	み	り	3
みぶり	normal	み	り	3
みまい	normal	み	い	3
みみ	normal	み	み	2
みゃく	normal	み	く	3
みやげ	normal	み	げ	3
みやこ	normal	み	こ	3
みょう	normal	み	う	3
みょうじ	normal	み	じ	4
みらい	normal	み	い	3
みり	normal	み	り	2
みりめーとる	normal	み	る	6
みりょく	normal	み	く	4
みるく	normal	み	く	3
みんぞく	normal	み	く	4
みんよう	normal	み	う	4
むいか	normal	む	か	3
むかい	normal	む	い	3
むかえ	normal	む	え	3
むかし	normal	む	し	3
むがい	normal	む	い	3
むき	normal	む	き	2
むぎ	normal	む	ぎ	2
むこう	normal	む	う	3
むし	normal	む	し	2
むしば	normal	む	ば	3
むしめがね	normal	む	ね	5
むしろ	normal	む	ろ	3
むじゃき	normal	む	き	4
むすこ	normal	む	こ	3
むすび	normal	む	び	3
むすめ	normal	む	め	3
むだ	normal	む	だ	2
むだづかい	normal	む	い	5
むち	normal	む	ち	2
むちゅう	normal	む	う	4
むっつ	normal	む	つ	3
むら	normal	む	ら	2
むらさき	normal	む	き	4
むり	normal	む	り	2
むりょう	normal	む	う	4
むれ	normal	む	れ	2
めあて	normal	め	て	3
めい	normal	め	い	2
めいし	normal	め	し	3
めいじ	normal	め	じ	3
めいちゅう	normal	め	う	5
めいぶつ	normal	め	つ	4
めいめい	normal	め	い	4
めいよ	normal	め	よ	3
めいれい	normal	め	い	4
めいわく	normal	め	く	4
めうえ	normal	め	え	3
めかた	normal	め	た	3
めがね	normal	め	ね	3
めがみ	normal	め	み	3
めし	normal	め	し	2
めした	normal	め	た	3
めじるし	normal	め	し	4
めだか	normal	め	か	3
めだる	normal	め	る	3
めまい	normal	め	い	3
めもり	normal	め	り	3
めんかい	normal	め	い	4
めんせき	normal	め	き	4
めんぜい	normal	め	い	4
めんどう	normal	め	う	4
めーとる	normal	め	る	4
もうしわけ	normal	も	け	5
もうふ	normal	も	ふ	3
もくてき	normal	も	き	4
もくひょう	normal	も	う	5
もくよう	normal	も	う	4
もくろく	normal	も	く	4
もけい	normal	も	い	3
もじ	normal	も	じ	2
もち	normal	も	ち	2
もちつき	normal	も	き	4
もちぬし	normal	も	し	4
もちもの	normal	も	の	4
もと	normal	も	と	2
もの	normal	も	の	2
ものおき	normal	も	き	4
ものおと	normal	も	と	4
ものがたり	normal	も	り	5
ものごと	normal	も	と	4
ものさし	normal	も	し	4
ものずき	normal	も	き	4
もみじ	normal	も	じ	3
もも	normal	も	も	2
ももいろ	normal	も	ろ	4
もよう	normal	も	う	3
もよおし	normal	も	し	4
もり	normal	も	り	2
もんく	normal	も	く	3
もんだい	normal	も	い	4
もんどう	normal	も	う	4
やおや	normal	や	や	3
やきゅう	normal	や	う	4
やぎ	normal	や	ぎ	2
やく	normal	や	く	2
やくそく	normal	や	く	4
やくめ	normal	や	め	3
やくわり	normal	や	り	4
やぐら	normal	や	ら	3
やけど	normal	や	ど	3
やさい	normal	や	い	3
やしき	normal	や	き	3
やすみ	normal	や	み	3
やっかい	normal	や	い	4
やっきょく	normal	や	く	5
やっつ	normal	や	つ	3
やど	normal	や	ど	2
やどや	normal	や	や	3
やなぎ	normal	や	ぎ	3
やぬし	normal	や	し	3
やね	normal	や	ね	2
やま	normal	や	ま	2
やまのぼり	normal	や	り	5
やまびこ	normal	や	こ	4
やまみち	normal	や	ち	4
やりかた	normal	や	た	4
ゆいいつ	normal	ゆ	つ	4
ゆうえんち	normal	ゆ	ち	5
ゆうがい	normal	ゆ	い	4
ゆうがた	normal	ゆ	た	4
ゆうき	normal	ゆ	き	3
ゆうぎ	normal	ゆ	ぎ	3
ゆうぐれ	normal	ゆ	れ	4
ゆうしゅう	normal	ゆ	う	5
ゆうしょう	normal	ゆ	う	5
ゆうじょう	normal	ゆ	う	5
ゆうだち	normal	ゆ	ち	4
ゆうどく	normal	ゆ	く	4
ゆうひ	normal	ゆ	ひ	3
ゆうびんきょく	normal	ゆ	く	7
ゆうべ	normal	ゆ	べ	3
ゆうめい	normal	ゆ	い	4
ゆうやけ	normal	ゆ	け	4
ゆうりょう	normal	ゆ	う	5
ゆか	normal	ゆ	か	2
ゆかい	normal	ゆ	い	3
ゆかた	normal	ゆ	た	3
ゆき	normal	ゆ	き	2
ゆきだるま	normal	ゆ	ま	5
ゆくえ	normal	ゆ	え	3
ゆげ	normal	ゆ	げ	2
ゆしゅつ	normal	ゆ	つ	4
ゆそう	normal	ゆ	う	3
ゆにゅう	normal	ゆ	う	4
ゆのみ	normal	ゆ	み	3
ゆび	normal	ゆ	び	2
ゆびわ	normal	ゆ	わ	3
ゆみ	normal	ゆ	み	2
ゆみや	normal	ゆ	や	3
ゆめ	normal	ゆ	め	2
ゆりかご	normal	ゆ	ご	4
ゆーもあ	normal	ゆ	あ	4
よあけ	normal	よ	け	3
よう	normal	よ	う	2
ようい	normal	よ	い	3
ようか	normal	よ	か	3
ようき	normal	よ	き	3
ようきゅう	normal	よ	う	5
ようぐ	normal	よ	ぐ	3
ようご	normal	よ	ご	3
ようさい	normal	よ	い	4
ようしょく	normal	よ	く	5
ようじ	normal	よ	じ	3
ようす	normal	よ	す	3
ようそ	normal	よ	そ	3
ようち	normal	よ	ち	3
ようと	normal	よ	と	3
ようふく	normal	よ	く	4
ようりょう	normal	よ	う	5
よく	normal	よ	く	2
よくばり	normal	よ	り	4
よこ	normal	よ	こ	2
よこづな	normal	よ	な	4
よこどり	normal	よ	り	4
よしゅう	normal	よ	う	4
よそ	normal	よ	そ	2
よそう	normal	よ	う	3
よっか	normal	よ	か	3
よっつ	normal	よ	つ	3
よっと	normal	よ	と	3
よつかど	normal	よ	ど	4
よてい	normal	よ	い	3
よなか	normal	よ	か	3
よのなか	normal	よ	か	4
よふかし	normal	よ	し	4
よほう	normal	よ	う	3
よぼう	normal	よ	う	3
よみかた	normal	よ	た	4
よめ	normal	よ	め	2
よやく	normal	よ	く	3
よゆう	normal	よ	う	3
よる	normal	よ	る	2
よろこび	normal	よ	び	4
らいげつ	normal	ら	つ	4
らいしゅう	normal	ら	う	5
らく	normal	ら	く	2
らくご	normal	ら	ご	3
らくだ	normal	ら	だ	3
らくだい	normal	ら	い	4
らけっと	normal	ら	と	4
らじお	normal	ら	お	3
らっぱ	normal	ら	ぱ	3
らんどせる	normal	ら	る	5
らんぷ	normal	ら	ぷ	3
らんぼう	normal	ら	う	4
りえき	normal	り	き	3
りか	normal	り	か	2
りかい	normal	り	い	3
りく	normal	り	く	2
りくつ	normal	り	つ	3
りこう	normal	り	う	3
りし	normal	り	し	2
りずむ	normal	り	む	3
りせい	normal	り	い	3
りそう	normal	り	う	3
りそく	normal	り	く	3
りったい	normal	り	い	4
りっとる	normal	り	る	4
りつ	normal	り	つ	2
りゅうがく	normal	り	く	5
りゅうこう	normal	り	う	5
りゅっくさっく	normal	り	く	7
りょう	normal	り	う	3
りょうかい	normal	り	い	5
りょうがえ	normal	り	え	5
りょうがわ	normal	り	わ	5
りょうし	normal	り	し	4
りょうて	normal	り	て	4
りょうほう	normal	り	う	5
りょうり	normal	り	り	4
りょく	normal	り	く	3
りょこう	normal	り	う	4
りょひ	normal	り	ひ	3
りよう	normal	り	う	3
りんご	normal	り	ご	3
りんじ	normal	り	じ	3
るす	normal	る	す	2
るーる	normal	る	る	3
れい	normal	れ	い	2
れいがい	normal	れ	い	4
れいきゃく	normal	れ	く	5
れいぎ	normal	れ	ぎ	3
れいせい	normal	れ	い	4
れいぞうこ	normal	れ	こ	5
れいぼう	normal	れ	う	4
れきし	normal	れ	し	3
れこーど	normal	れ	ど	4
れつ	normal	れ	つ	2
れぽーと	normal	れ	と	4
れんあい	normal	れ	い	4
れんが	normal	れ	が	3
れんごう	normal	れ	う	4
れんしゅう	normal	れ	う	5
れんず	normal	れ	ず	3
れんぞく	normal	れ	く	4
れんらく	normal	れ	く	4
れーる	normal	れ	る	3
れーんこーと	normal	れ	と	6
ろうか	normal	ろ	か	3
ろうそく	normal	ろ	く	4
ろうどう	normal	ろ	う	4
ろうりょく	normal	ろ	く	5
ろく	normal	ろ	く	2
ろけっと	normal	ろ	と	4
ろんり	normal	ろ	り	3
ろーまじ	normal	ろ	じ	4
わいしゃつ	normal	わ	つ	5
わかめ	normal	わ	め	3
わかもの	normal	わ	の	4
わかれ	normal	わ	れ	3
わがまま	normal	わ	ま	4
わき	normal	わ	き	2
わく	normal	わ	く	2
わけ	normal	わ	け	2
わすれもの	normal	わ	の	5
わた	normal	わ	た	2
わたりどり	normal	わ	り	5
わだい	normal	わ	い	3
わな	normal	わ	な	2
わふく	normal	わ	く	3
わら	normal	わ	ら	2
わらい	normal	わ	い	3
わり	normal	わ	り	2
わりあい	normal	わ	い	4
わりあて	normal	わ	て	4
わりびき	normal	わ	き	4
わるくち	normal	わ	ち	4
わんぴーす	normal	わ	す	5
あいろん	terminal	あ	ん	4
あかちゃん	terminal	あ	ん	5
あさごはん	terminal	あ	ん	5
あん	terminal	あ	ん	2
あんしん	terminal	あ	ん	4
あんぜん	terminal	あ	ん	4
いいん	terminal	い	ん	3
いけん	terminal	い	ん	3
いしだん	terminal	い	ん	4
いぜん	terminal	い	ん	3
いちばん	terminal	い	ん	4
いちぶぶん	terminal	い	ん	5
いちめん	terminal	い	ん	4
いっしん	terminal	い	ん	4
いっぱん	terminal	い	ん	4
いっぺん	terminal	い	ん	4
いはん	terminal	い	ん	3
いん	terminal	い	ん	2
うどん	terminal	う	ん	3
うん	terminal	う	ん	2
うんちん	terminal	う	ん	4
うんてん	terminal	う	ん	4
うんぱん	terminal	う	ん	4
えいがかん	terminal	え	ん	5
えぷろん	terminal	え	ん	4
えほん	terminal	え	ん	3
えん	terminal	え	ん	2
えんじん	terminal	え	ん	4
おうえん	terminal	お	ん	4
おうだん	terminal	お	ん	4
おかあさん	terminal	お	ん	5
おくさん	terminal	お	ん	4
おじいさん	terminal	お	ん	5
おじさん	terminal	お	ん	4
おじょうさん	terminal	お	ん	6
おとうさん	terminal	お	ん	5
おばあさん	terminal	お	ん	5
おばさん	terminal	お	ん	4
おまわりさん	terminal	お	ん	6
おるがん	terminal	お	ん	4
おん	terminal	お	ん	2
おんせん	terminal	お	ん	4
かいがん	terminal	か	ん	4
かいぐん	terminal	か	ん	4
かいさん	terminal	か	ん	4
かいすうけん	terminal	か	ん	6
かいぜん	terminal	か	ん	4
かいだん	terminal	か	ん	4
かいてん	terminal	か	ん	4
かけざん	terminal	か	ん	4
かげん	terminal	か	ん	3
かざん	terminal	か	ん	3
かだん	terminal	か	ん	3
かばん	terminal	か	ん	3
かびん	terminal	か	ん	3
かん	terminal	か	ん	2
かんしん	terminal	か	ん	4
かんじん	terminal	か	ん	4
かんぜん	terminal	か	ん	4
かんたん	terminal	か	ん	4
かんばん	terminal	か	ん	4
かんれん	terminal	か	ん	4
かーてん	terminal	か	ん	4
がいじん	terminal	が	ん	4
がくねん	terminal	が	ん	4
がくもん	terminal	が	ん	4
がそりん	terminal	が	ん	4
がまん	terminal	が	ん	3
きおん	terminal	き	ん	3
きかん	terminal	き	ん	3
きけん	terminal	き	ん	3
きげん	terminal	き	ん	3
きせん	terminal	き	ん	3
きねん	terminal	き	ん	3
きぶん	terminal	き	ん	3
きほん	terminal	き	ん	3
きゃっかん	terminal	き	ん	5
きょねん	terminal	き	ん	4
きりん	terminal	き	ん	3
きん	terminal	き	ん	2
きんえん	terminal	き	ん	4
きんがん	terminal	き	ん	4
きんべん	terminal	き	ん	4
ぎいん	terminal	ぎ	ん	3
ぎもん	terminal	ぎ	ん	3
ぎん	terminal	ぎ	ん	2
くうかん	terminal	く	ん	4
くしん	terminal	く	ん	3
くれよん	terminal	く	ん	4
くんれん	terminal	く	ん	4
ぐん	terminal	ぐ	ん	2
けいかん	terminal	け	ん	4
けいけん	terminal	け	ん	4
けいさん	terminal	け	ん	4
けっかん	terminal	け	ん	4
けっこん	terminal	け	ん	4
けっさん	terminal	け	ん	4
けっしん	terminal	け	ん	4
けってん	terminal	け	ん	4
けつろん	terminal	け	ん	4
けん	terminal	け	ん	2
けんそん	terminal	け	ん	4
げじゅん	terminal	げ	ん	4
げんいん	terminal	げ	ん	4
げんかん	terminal	げ	ん	4
げんきん	terminal	げ	ん	4
こういん	terminal	こ	ん	4
こうえん	terminal	こ	ん	4
こうかん	terminal	こ	ん	4
こうげん	terminal	こ	ん	4
こうさん	terminal	こ	ん	4
こうざん	terminal	こ	ん	4
こうしん	terminal	こ	ん	4
こうばん	terminal	こ	ん	4
こうふん	terminal	こ	ん	4
こうむいん	terminal	こ	ん	5
こくばん	terminal	こ	ん	4
こくみん	terminal	こ	ん	4
こじん	terminal	こ	ん	3
こてん	terminal	こ	ん	3
こんなん	terminal	こ	ん	4
こんばん	terminal	こ	ん	4
こんぽん	terminal	こ	ん	4
こんらん	terminal	こ	ん	4
ごぜん	terminal	ご	ん	3
ごはん	terminal	ご	ん	3
ごめん	terminal	ご	ん	3
ごらん	terminal	ご	ん	3
さいきん	terminal	さ	ん	4
さいばん	terminal	さ	ん	4
さいれん	terminal	さ	ん	4
さいん	terminal	さ	ん	3
さくねん	terminal	さ	ん	4
さくばん	terminal	さ	ん	4
さくひん	terminal	さ	ん	4
さくぶん	terminal	さ	ん	4
さらいねん	terminal	さ	ん	5
さん	terminal	さ	ん	2
ざいさん	terminal	ざ	ん	4
ざつだん	terminal	ざ	ん	4
ざぶとん	terminal	ざ	ん	4
ざんねん	terminal	ざ	ん	4
しいん	terminal	し	ん	3
しきん	terminal	し	ん	3
しけん	terminal	し	ん	3
しげん	terminal	し	ん	3
しぜん	terminal	し	ん	3
しそん	terminal	し	ん	3
しつもん	terminal	し	ん	4
しほん	terminal	し	ん	3
しみん	terminal	し	ん	3
しゃいん	terminal	し	ん	4
しゃしん	terminal	し	ん	4
しゃめん	terminal	し	ん	4
しゅうかん	terminal	し	ん	5
しゅうだん	terminal	し	ん	5
しゅうてん	terminal	し	ん	5
しゅかん	terminal	し	ん	4
しゅじん	terminal	し	ん	4
しゅだん	terminal	し	ん	4
しゅっぱん	terminal	し	ん	5
しゅんかん	terminal	し	ん	5
しょうがくきん	terminal	し	ん	7
しょうてん	terminal	し	ん	5
しょうにん	terminal	し	ん	5
しょうねん	terminal	し	ん	5
しょうひん	terminal	し	ん	5
しょうめん	terminal	し	ん	5
しょくいん	terminal	し	ん	5
しょぶん	terminal	し	ん	4
しん	terminal	し	ん	2
しんけん	terminal	し	ん	4
しんせん	terminal	し	ん	4
しんぜん	terminal	し	ん	4
しんだん	terminal	し	ん	4
しんねん	terminal	し	ん	4
しんぶん	terminal	し	ん	4
しんりん	terminal	し	ん	4
じかん	terminal	じ	ん	3
じけん	terminal	じ	ん	3
じしん	terminal	じ	ん	3
じっけん	terminal	じ	ん	4
じっせん	terminal	じ	ん	4
じつげん	terminal	じ	ん	4
じてん	terminal	じ	ん	3
じなん	terminal	じ	ん	3
じぶん	terminal	じ	ん	3
じまん	terminal	じ	ん	3
じめん	terminal	じ	ん	3
じゃんけん	terminal	じ	ん	5
じゅうてん	terminal	じ	ん	5
じゅうみん	terminal	じ	ん	5
じゅけん	terminal	じ	ん	4
じゅん	terminal	じ	ん	3
じゅんかん	terminal	じ	ん	5
じゅんじゅん	terminal	じ	ん	6
じゅんばん	terminal	じ	ん	5
じょうけん	terminal	じ	ん	5
じょうじゅん	terminal	じ	ん	6
じょうだん	terminal	じ	ん	5
じん	terminal	じ	ん	2
すいじゅん	terminal	す	ん	5
すいせん	terminal	す	ん	4
すいぶん	terminal	す	ん	4
すいみん	terminal	す	ん	4
すいめん	terminal	す	ん	4
すくりーん	terminal	す	ん	5
すぷーん	terminal	す	ん	4
ずぼん	terminal	ず	ん	3
せいげん	terminal	せ	ん	4
せいさん	terminal	せ	ん	4
せいしゅん	terminal	せ	ん	5
せいしん	terminal	せ	ん	4
せいぞん	terminal	せ	ん	4
せいとん	terminal	せ	ん	4
せいねん	terminal	せ	ん	4
せいひん	terminal	せ	ん	4
せいぶん	terminal	せ	ん	4
せきたん	terminal	せ	ん	4
せきにん	terminal	せ	ん	4
せけん	terminal	せ	ん	3
せっきん	terminal	せ	ん	4
せっけん	terminal	せ	ん	4
せん	terminal	せ	ん	2
せんでん	terminal	せ	ん	4
せんもん	terminal	せ	ん	4
ぜいかん	terminal	ぜ	ん	4
ぜいきん	terminal	ぜ	ん	4
ぜん	terminal	ぜ	ん	2
ぜんいん	terminal	ぜ	ん	4
ぜんしん	terminal	ぜ	ん	4
そうおん	terminal	そ	ん	4
そうだん	terminal	そ	ん	4
そうなん	terminal	そ	ん	4
そせん	terminal	そ	ん	3
それん	terminal	そ	ん	3
そろばん	terminal	そ	ん	4
そん	terminal	そ	ん	2
ぞうきん	terminal	ぞ	ん	4
ぞうげん	terminal	ぞ	ん	4
ぞうせん	terminal	ぞ	ん	4
たいいん	terminal	た	ん	4
たいおん	terminal	た	ん	4
たいけん	terminal	た	ん	4
たにん	terminal	た	ん	3
たぶん	terminal	た	ん	3
たんじゅん	terminal	た	ん	5
たんにん	terminal	た	ん	4
だいきん	terminal	だ	ん	4
だいこん	terminal	だ	ん	4
だいじん	terminal	だ	ん	4
だいぶぶん	terminal	だ	ん	5
だん	terminal	だ	ん	2
だんだん	terminal	だ	ん	4
ちゃわん	terminal	ち	ん	4
ちゅうしん	terminal	ち	ん	5
ちゅうじゅん	terminal	ち	ん	6
ちゅうねん	terminal	ち	ん	5
ちゅうもん	terminal	ち	ん	5
ちょうせん	terminal	ち	ん	5
ちょうちん	terminal	ち	ん	5
ちょうめん	terminal	ち	ん	5
ちょきん	terminal	ち	ん	4
ちょくせん	terminal	ち	ん	5
ちんぎん	terminal	ち	ん	4
つうきん	terminal	つ	ん	4
つうしん	terminal	つ	ん	4
ていでん	terminal	て	ん	4
てじゅん	terminal	て	ん	4
てっぺん	terminal	て	ん	4
てほん	terminal	て	ん	3
てん	terminal	て	ん	2
てんねん	terminal	て	ん	4
でざいん	terminal	で	ん	4
でんせん	terminal	で	ん	4
とうあん	terminal	と	ん	4
とうせん	terminal	と	ん	4
とうばん	terminal	と	ん	4
とうろん	terminal	と	ん	4
とざん	terminal	と	ん	3
としょかん	terminal	と	ん	5
とたん	terminal	と	ん	3
とん	terminal	と	ん	2
とんとん	terminal	と	ん	4
どうぶつえん	terminal	ど	ん	6
どくしん	terminal	ど	ん	4
ないろん	terminal	な	ん	4
にいさん	terminal	に	ん	4
にちようひん	terminal	に	ん	6
にっぽん	terminal	に	ん	4
にゅういん	terminal	に	ん	5
にん	terminal	に	ん	2
にんげん	terminal	に	ん	4
にんじん	terminal	に	ん	4
ねえさん	terminal	ね	ん	4
ねだん	terminal	ね	ん	3
ねっしん	terminal	ね	ん	4
ねん	terminal	ね	ん	2
のうそん	terminal	の	ん	4
のうみん	terminal	の	ん	4
はくぶつかん	terminal	は	ん	6
はっけん	terminal	は	ん	4
はってん	terminal	は	ん	4
はつおん	terminal	は	ん	4
はつでん	terminal	は	ん	4
はもん	terminal	は	ん	3
はん	terminal	は	ん	2
はんだん	terminal	は	ん	4
はんにん	terminal	は	ん	4
はんぶん	terminal	は	ん	4
ばいおりん	terminal	ば	ん	5
ばいきん	terminal	ば	ん	4
ばいてん	terminal	ば	ん	4
ばくだん	terminal	ば	ん	4
ばめん	terminal	ば	ん	3
ばん	terminal	ば	ん	2
ぱん	terminal	ぱ	ん	2
ひきざん	terminal	ひ	ん	4
ひはん	terminal	ひ	ん	3
ひゃっかじてん	terminal	ひ	ん	7
ひょうげん	terminal	ひ	ん	5
ひょうじゅん	terminal	ひ	ん	6
ひょうばん	terminal	ひ	ん	5
ひょうほん	terminal	ひ	ん	5
ひょうめん	terminal	ひ	ん	5
ひん	terminal	ひ	ん	2
びじゅつかん	terminal	び	ん	6
びょういん	terminal	び	ん	5
びょうにん	terminal	び	ん	5
びん	terminal	び	ん	2
びんかん	terminal	び	ん	4
びんせん	terminal	び	ん	4
ぴん	terminal	ぴ	ん	2
ふあん	terminal	ふ	ん	3
ふうせん	terminal	ふ	ん	4
ふうりん	terminal	ふ	ん	4
ふきん	terminal	ふ	ん	3
ふじん	terminal	ふ	ん	3
ふだん	terminal	ふ	ん	3
ふとん	terminal	ふ	ん	3
ふべん	terminal	ふ	ん	3
ふまん	terminal	ふ	ん	3
ふん	terminal	ふ	ん	2
ぶひん	terminal	ぶ	ん	3
ぶぶん	terminal	ぶ	ん	3
ぶん	terminal	ぶ	ん	2
へいきん	terminal	へ	ん	4
へいめん	terminal	へ	ん	4
へん	terminal	へ	ん	2
ぺん	terminal	ぺ	ん	2
ほうげん	terminal	ほ	ん	4
ほうしん	terminal	ほ	ん	4
ほうめん	terminal	ほ	ん	4
ほうもん	terminal	ほ	ん	4
ほかん	terminal	ほ	ん	3
ほけん	terminal	ほ	ん	3
ほぞん	terminal	ほ	ん	3
ほん	terminal	ほ	ん	2
ほんにん	terminal	ほ	ん	4
ほーむらん	terminal	ほ	ん	5
ぼいん	terminal	ぼ	ん	3
ぼうけん	terminal	ぼ	ん	4
ぼうさん	terminal	ぼ	ん	4
ぼたん	terminal	ぼ	ん	3
ぼっちゃん	terminal	ぼ	ん	5
ぼん	terminal	ぼ	ん	2
まいくろほん	terminal	ま	ん	6
まいねん	terminal	ま	ん	4
まいばん	terminal	ま	ん	4
まん	terminal	ま	ん	2
まんいん	terminal	ま	ん	4
まんてん	terminal	ま	ん	4
みかん	terminal	み	ん	3
みしん	terminal	み	ん	3
みぶん	terminal	み	ん	3
みほん	terminal	み	ん	3
みょうばん	terminal	み	ん	5
みんかん	terminal	み	ん	4
むげん	terminal	む	ん	3
むじゅん	terminal	む	ん	4
むせん	terminal	む	ん	3
むだん	terminal	む	ん	3
めいしん	terminal	め	ん	4
めいじん	terminal	め	ん	4
めん	terminal	め	ん	2
もはん	terminal	も	ん	3
もめん	terminal	も	ん	3
もん	terminal	も	ん	2
やかん	terminal	や	ん	3
やくにん	terminal	や	ん	4
やちん	terminal	や	ん	3
ゆうかん	terminal	ゆ	ん	4
ゆうじん	terminal	ゆ	ん	4
ゆうはん	terminal	ゆ	ん	4
ゆうびん	terminal	ゆ	ん	4
ゆだん	terminal	ゆ	ん	3
ようじん	terminal	よ	ん	4
ようちえん	terminal	よ	ん	5
ようてん	terminal	よ	ん	4
ようぶん	terminal	よ	ん	4
よさん	terminal	よ	ん	3
よぶん	terminal	よ	ん	3
よろん	terminal	よ	ん	3
らいおん	terminal	ら	ん	4
らいねん	terminal	ら	ん	4
りくぐん	terminal	り	ん	4
りぼん	terminal	り	ん	3
りょうきん	terminal	り	ん	5
りょうしん	terminal	り	ん	5
りょかん	terminal	り	ん	4
りろん	terminal	り	ん	3
るすばん	terminal	る	ん	4
れもん	terminal	れ	ん	3
ろうじん	terminal	ろ	ん	4
ろくおん	terminal	ろ	ん	4
ろんぶん	terminal	ろ	ん	4
わりざん	terminal	わ	ん	4
わん	terminal	わ	ん	2
